<?xml version="1.0" encoding="utf-8"?>
<install type="component" version="1.5.10" method="upgrade">
	<name>RokDownloads Bundle</name>
	<creationDate>January 11, 2011</creationDate>
	<author>RocketTheme, LLC</author>
	<authorEmail>support@rockettheme.com</authorEmail>
	<authorUrl>http://www.rockettheme.com</authorUrl>
	<copyright>(C) 2005 - 2011 RocketTheme, LLC. All rights reserved.</copyright>
	<license>http://www.gnu.org/copyleft/gpl.html GNU/GPL</license>
	<!--  The version string is recorded in the components table -->
	<version>1.0.2</version>
	<!-- The description is optional and defaults to the name -->
	<description>
		RokDownloads Install Bundle
	</description>	
	<installfile>installer/install.php</installfile>
	<uninstallfile>installer/uninstall.php</uninstallfile>
	<administration>
		<files>
			<folder>installer</folder>
		</files>
	</administration>
	<cogs>
		<component name="com_rokdownloads" folder="com_rokdownloads" enabled="true" access="0" core="true" uninstall="true">RokDownloads</component>
		<module name="mod_rokdownloads_latest" folder="mod_rokdownloads_latest" published="false" access="0" core="true" uninstall="true">RokDownloads Latest Downloads</module>
		<module name="mod_rokdownloads_most_downloaded" folder="mod_rokdownloads_most_downloaded" published="false" access="0" core="true" uninstall="true">RokDownloads Most Downloaded</module>
		<module name="mod_rokdownloads_recent_updates" folder="mod_rokdownloads_recent_updates" published="false" access="0" core="true" uninstall="true">RokDownloads Recent Downloads</module>
		<plugin name="rokdownloads" group="content" folder="plg_content_rokdownloads" published="true" access="0" core="true" uninstall="true">RokDownloads Content</plugin>
		<plugin name="rokdownloads" group="editors-xtd" folder="plg_editors-xtd_rokdownloads" published="true" access="0" core="true" uninstall="true">RokDownloads Link Button</plugin>
		<plugin name="rokdownloads" group="search" folder="plg_search_rokdownloads" published="true" access="0" core="true" uninstall="true">RokDownloads Seach</plugin>
	</cogs>
</install>