<?xml version="1.0" ?>
<joomfish type="contentelement">
	<name>Joomgallery - Category</name>
	<author>Peter Kovacs, modified by Hermann Maurer</author>
	<version>1.1</version>
	<description>Definition for Joomgallery Category</description>
	<reference>
		<table name="joomgallery_catg">
			<field type="referenceid" name="cid" translate="0">ID</field>
			<field type="titletext" name="name" translate="1">Name</field>
			<field type="text" name="alias" translate="1">Alias</field>
			<field type="htmltext" name="description" translate="1">Description</field>
		</table>
	</reference>
	<translationfilters>
      <keyword>name</keyword>
  	  <published>published</published>
  </translationfilters>
</joomfish>