<?xml version="1.0" ?>
<joomfish type="contentelement">
	<name>Joomgallery - Pictures</name>
	<author>Peter Kovacs, modified by Hermann Maurer</author>
	<version>1.1</version>
	<description>Definition for Joomgallery Pictures</description>
	<reference>
		<table name="joomgallery">
			<field type="referenceid" name="id" translate="0">ID</field>
      <field type="titletext" name="imgtitle" translate="1">Name</field>
      <field type="text" name="alias" translate="1">Alias</field>
			<field type="textarea" name="imgtext" translate="1">Description</field>
		</table>
	</reference>
  <translationfilters>
  	  <keyword>imgtitle</keyword>
  	  <joomgallery_catg>catid</joomgallery_catg>
  	  <published>published</published>
  </translationfilters>
</joomfish>