<?xml version="1.0" encoding="utf-8"?>
<extension type="file" version="1.7" method="upgrade">
  <name>Migration Script from JoomGallery 1.5.7 to JoomGallery 2 ACL</name>
  <creationDate>2011/10/18</creationDate>
  <author>JoomGallery::ProjectTeam</author>
  <copyright>This component is released under the GNU/GPL License</copyright>
  <authorEmail>team@joomgallery.net</authorEmail>
  <authorUrl>http://www.joomgallery.net</authorUrl>
  <version>1.0 BETA2</version>
  <description>This script is able to migrate JoomGallery 1.5.7 to JoomGallery 2 ACL.</description>
  <fileset>
    <files target="administrator/components/com_joomgallery/helpers/migration">
      <file>migratemvc2acl.php</file>
    </files>
  </fileset>
  <languages folder="language" client="administrator">
    <language tag="en-GB" client="administrator">en-GB.com_joomgallery.mvc2acl.ini</language>
    <!--<language tag="de-DE" client="administrator">de-DE.com_joomgallery.mvc2acl.ini</language>-->
  </languages>
  <updateservers>
    <server type="extension" priority="1" name="JoomGallery Update Service">http://en.joomgallery.net/components/com_newversion/xml/extensions2.xml</server>
  </updateservers>
</extension>