<?xml version="1.0" encoding="utf-8"?>
<install version="1.5" type="plugin" group="joomgallery" method="upgrade">
	<name>JoomGallery - Integrate Shadowbox</name>
	<author>Patrick Alt (Chraneco)</author>
	<creationDate>30.01.2009</creationDate>
	<copyright>Copyright (C) 2005 - 2010 Open Source Matters. All rights reserved.</copyright>
	<license>http://www.gnu.org/licenses/gpl-2.0.html GNU/GPL</license>
	<authorEmail>chraneco@joomgallery.net</authorEmail>
	<authorUrl>www.joomgallery.net</authorUrl>
	<version>1.5 BETA</version>
	<description>Integrates Shadowbox in JoomGallery</description>
	<files>
		<filename plugin="joomshadowbox">joomshadowbox.php</filename>
    <folder>joomshadowbox</folder>
	</files>
  <languages folder="language">
    <language tag="en-GB">en-GB.plg_joomgallery_joomshadowbox.ini</language>
    <language tag="de-DE">de-DE.plg_joomgallery_joomshadowbox.ini</language>
  </languages>
	<params>
    <param name="global_shadowbox_existent" type="radio" default="0" label="JSB_GLOBAL_SHADOWBOX_EXISTENT_LABEL" description="JSB_GLOBAL_SHADOWBOX_EXISTENT_DESC">
			<option value="0">No</option>
			<option value="1">YES</option>
    </param>
  </params>
</install>