<?xml version="1.0" encoding="utf-8"?>
<install version="1.5" type="plugin" group="fwgallery" method="upgrade">
	<name>FW Gallery - Import</name>
	<creationDate>18 November 2011</creationDate>
    <author>Fastw3b - We develop while you are thinking</author>
    <authorEmail>dev@fastw3b.net</authorEmail>
    <authorUrl>http://www.fastw3b.net</authorUrl>
    <copyright>Copyright (C) 2011 Fastw3b. All rights reserved.</copyright>
	<license>http://www.gnu.org/copyleft/gpl.html GNU/GPL</license>
	<version>1.1.0</version>
	<description>PLG_FWGALLERY_IMPORT_XML_DESCRIPTION</description>
	<files>
		<filename plugin="import">import.php</filename>
		<folder>import</folder>
	</files>
	<languages folder="language">
		<language tag="en-GB">en-GB/en-GB.plg_fwgallery_import.ini</language>
		<language tag="en-GB">en-GB/en-GB.plg_fwgallery_import.sys.ini</language>
	</languages>
	<params>
	</params>
</install>
