<?xml version="1.0" encoding="UTF-8"?>
<install version="1.5" type="plugin" group="joomfish">
	<name>Joomfish - Missing Translation</name>
	<author>Joom!Fish Project</author>
	<creationDate>2011-04-16</creationDate>
	<copyright>Copyright (C) 2003 - 2011, Think Network GmbH, Munich. All rights reserved.</copyright>
	<license>http://www.gnu.org/licenses/gpl-2.0.html GNU/GPL</license>
	<authorEmail>support@joomfish.net</authorEmail>
	<authorUrl>http://www.joomfish.net</authorUrl>
	<version>2.1.7</version>
	<description>Joomfish Missing Translation Handler</description>
	<files>
		<filename plugin="missing_translation">missing_translation.php</filename>
	</files>
	<languages folder="language">
		<language tag="en-GB">en-GB.plg_joomfish_missing_translation.ini</language>
   	</languages>	
	<params>
	</params>
</install>
