<?xml version="1.0" encoding="utf-8"?>
<install version="1.5" type="plugin" group="joomgallery" method="upgrade">
  <name>JoomGallery - Joom!Fish Search</name>
  <author>JoomGallery team</author>
  <creationDate>17.04.2011</creationDate>
  <copyright>Copyright (C) 2005 - 2011 Open Source Matters. All rights reserved.</copyright>
  <license>http://www.gnu.org/licenses/gpl-2.0.html GNU/GPL</license>
  <authorEmail>team@joomgallery.net</authorEmail>
  <authorUrl>www.joomgallery.net</authorUrl>
  <version>1.5</version>
  <description>Search from JoomGallery in translations of Joom!Fish</description>
  <files>
    <filename plugin="joomsearchjoomfish">joomsearchjoomfish.php</filename>
  </files>
</install>