<?xml version="1.0" encoding="utf-8"?>
<install version="1.5" type="plugin" group="joomgallery" method="upgrade">
  <name>JoomGallery - JoomJCom</name>
  <author>Patrick Alt</author>
  <creationDate>11.01.2011</creationDate>
  <copyright>Copyright (C) 2005 - 2011 Open Source Matters. All rights reserved.</copyright>
  <license>http://www.gnu.org/licenses/gpl-2.0.html GNU/GPL</license>
  <authorEmail>chraneco@joomgallery.net</authorEmail>
  <authorUrl>www.joomgallery.net</authorUrl>
  <version>1.5 BETA5</version>
  <description>This Plugin displays the number of comments of a given image or category.</description>
  <files>
    <filename plugin="joomjcom">joomjcom.php</filename>
  </files>
  <languages folder="language">
    <language tag="en-GB">en-GB.plg_joomgallery_joomjcom.ini</language>
    <language tag="de-DE">de-DE.plg_joomgallery_joomjcom.ini</language>
  </languages>
  <params>
    <param name="image" type="radio" default="1" label="JPJC_IMAGE_COMMENTS" description="JPJC_IMAGE_COMMENTS_DESCRIPTION">
      <option value="0">No</option>
      <option value="1">Yes</option>
    </param>
    <param name="category" type="radio" default="1" label="JPJC_CATEGORY_COMMENTS" description="JPJC_CATEGORY_COMMENTS_DESCRIPTION">
      <option value="0">No</option>
      <option value="1">Yes</option>
    </param>
  </params>
</install>