<?xml version="1.0"?>
<?mso-application progid="Excel.Sheet"?>
<Workbook xmlns="urn:schemas-microsoft-com:office:spreadsheet"
 xmlns:o="urn:schemas-microsoft-com:office:office"
 xmlns:x="urn:schemas-microsoft-com:office:excel"
 xmlns:ss="urn:schemas-microsoft-com:office:spreadsheet"
 xmlns:html="http://www.w3.org/TR/REC-html40">
 <DocumentProperties xmlns="urn:schemas-microsoft-com:office:office">
  <LastAuthor>VIỆT HÙNG</LastAuthor>
  <Created>2011-04-02T12:23:45Z</Created>
  <LastSaved>2011-04-02T12:17:35Z</LastSaved>
  <Version>14.00</Version>
 </DocumentProperties>
 <OfficeDocumentSettings xmlns="urn:schemas-microsoft-com:office:office">
  <AllowPNG/>
 </OfficeDocumentSettings>
 <ExcelWorkbook xmlns="urn:schemas-microsoft-com:office:excel">
  <WindowHeight>8190</WindowHeight>
  <WindowWidth>19035</WindowWidth>
  <WindowTopX>120</WindowTopX>
  <WindowTopY>15</WindowTopY>
  <ProtectStructure>False</ProtectStructure>
  <ProtectWindows>False</ProtectWindows>
 </ExcelWorkbook>
 <Styles>
  <Style ss:ID="Default" ss:Name="Normal">
   <Alignment ss:Vertical="Bottom"/>
   <Borders/>
   <Font ss:FontName="Calibri" x:Family="Swiss" ss:Size="11" ss:Color="#000000"/>
   <Interior/>
   <NumberFormat/>
   <Protection/>
  </Style>
  <Style ss:ID="s62">
   <Alignment ss:Horizontal="Left" ss:Vertical="Center"/>
  </Style>
  <Style ss:ID="s63">
   <NumberFormat ss:Format="[$-1010000]d/m/yyyy;@"/>
  </Style>
  <Style ss:ID="s64">
   <Borders>
    <Border ss:Position="Bottom" ss:LineStyle="Continuous" ss:Weight="1"/>
    <Border ss:Position="Left" ss:LineStyle="Continuous" ss:Weight="1"/>
    <Border ss:Position="Right" ss:LineStyle="Continuous" ss:Weight="1"/>
    <Border ss:Position="Top" ss:LineStyle="Continuous" ss:Weight="1"/>
   </Borders>
  </Style>
  <Style ss:ID="s65">
   <Alignment ss:Vertical="Center"/>
   <Borders>
    <Border ss:Position="Bottom" ss:LineStyle="Continuous" ss:Weight="1"/>
    <Border ss:Position="Left" ss:LineStyle="Continuous" ss:Weight="1"/>
    <Border ss:Position="Right" ss:LineStyle="Continuous" ss:Weight="1"/>
    <Border ss:Position="Top" ss:LineStyle="Continuous" ss:Weight="1"/>
   </Borders>
   <Font ss:FontName="Calibri" x:Family="Swiss" ss:Size="11" ss:Color="#000000"/>
  </Style>
  <Style ss:ID="s66">
   <Borders>
    <Border ss:Position="Bottom" ss:LineStyle="Continuous" ss:Weight="1"/>
    <Border ss:Position="Left" ss:LineStyle="Continuous" ss:Weight="1"/>
    <Border ss:Position="Right" ss:LineStyle="Continuous" ss:Weight="1"/>
    <Border ss:Position="Top" ss:LineStyle="Continuous" ss:Weight="1"/>
   </Borders>
   <NumberFormat ss:Format="[$-1010000]d/m/yyyy;@"/>
  </Style>
  <Style ss:ID="s67">
   <Borders>
    <Border ss:Position="Bottom" ss:LineStyle="Continuous" ss:Weight="1"/>
    <Border ss:Position="Left" ss:LineStyle="Continuous" ss:Weight="1"/>
    <Border ss:Position="Right" ss:LineStyle="Continuous" ss:Weight="1"/>
    <Border ss:Position="Top" ss:LineStyle="Continuous" ss:Weight="1"/>
   </Borders>
   <NumberFormat/>
  </Style>
 </Styles>
 <Worksheet ss:Name="hs">
  <Table ss:ExpandedColumnCount="7" ss:ExpandedRowCount="34" x:FullColumns="1"
   x:FullRows="1" ss:DefaultRowHeight="15">
   <Column ss:Index="2" ss:Width="57.75"/>
   <Column ss:StyleID="s62" ss:Width="130.5"/>
   <Column ss:Width="37.5"/>
   <Column ss:Width="101.25"/>
   <Column ss:StyleID="s63" ss:Width="51"/>
   <Column ss:Width="132.75"/>
   <Row ss:AutoFitHeight="0">
    <Cell ss:StyleID="s64"><Data ss:Type="String">MHS</Data></Cell>
    <Cell ss:StyleID="s64"><Data ss:Type="String">Mã năm học</Data></Cell>
    <Cell ss:StyleID="s65"><Data ss:Type="String">Họ và tên</Data></Cell>
    <Cell ss:StyleID="s64"><Data ss:Type="String">Mã lớp</Data></Cell>
    <Cell ss:StyleID="s64"><Data ss:Type="String">Phái (1: Nữ, 0: Nam)</Data></Cell>
    <Cell ss:StyleID="s66"><Data ss:Type="String">Ngày sinh</Data></Cell>
    <Cell ss:StyleID="s64"><Data ss:Type="String">Nơi sinh</Data></Cell>
   </Row>
   <Row ss:AutoFitHeight="0">
    <Cell ss:StyleID="s67"><Data ss:Type="Number">5161</Data></Cell>
    <Cell ss:StyleID="s64"><Data ss:Type="String">10-11</Data></Cell>
    <Cell ss:StyleID="s65"><Data ss:Type="String">Phạm Hoàng Vân Anh</Data></Cell>
    <Cell ss:StyleID="s64"><Data ss:Type="String">7A2</Data></Cell>
    <Cell ss:StyleID="s64"><Data ss:Type="Number">1</Data></Cell>
    <Cell ss:StyleID="s66"><Data ss:Type="DateTime">1996-01-01T00:00:00.000</Data></Cell>
    <Cell ss:StyleID="s64"><Data ss:Type="String">Đông Hải - Đại Hải - Kế Sách</Data></Cell>
   </Row>
   <Row ss:AutoFitHeight="0">
    <Cell ss:StyleID="s67"><Data ss:Type="Number">5162</Data></Cell>
    <Cell ss:StyleID="s64"><Data ss:Type="String">10-11</Data></Cell>
    <Cell ss:StyleID="s65"><Data ss:Type="String">Nguyễn Ngọc Cẩm</Data></Cell>
    <Cell ss:StyleID="s64"><Data ss:Type="String">7A2</Data></Cell>
    <Cell ss:StyleID="s64"><Data ss:Type="Number">1</Data></Cell>
    <Cell ss:StyleID="s66"><Data ss:Type="DateTime">1996-01-02T00:00:00.000</Data></Cell>
    <Cell ss:StyleID="s64"><Data ss:Type="String">Đông Hải - Đại Hải - Kế Sách</Data></Cell>
   </Row>
   <Row ss:AutoFitHeight="0">
    <Cell ss:StyleID="s67"><Data ss:Type="Number">5163</Data></Cell>
    <Cell ss:StyleID="s64"><Data ss:Type="String">10-11</Data></Cell>
    <Cell ss:StyleID="s65"><Data ss:Type="String">Nguyễn Thị Thanh Chi</Data></Cell>
    <Cell ss:StyleID="s64"><Data ss:Type="String">7A2</Data></Cell>
    <Cell ss:StyleID="s64"><Data ss:Type="Number">1</Data></Cell>
    <Cell ss:StyleID="s66"><Data ss:Type="DateTime">1996-01-03T00:00:00.000</Data></Cell>
    <Cell ss:StyleID="s64"><Data ss:Type="String">Đông Hải - Đại Hải - Kế Sách</Data></Cell>
   </Row>
   <Row ss:AutoFitHeight="0">
    <Cell ss:StyleID="s67"><Data ss:Type="Number">5164</Data></Cell>
    <Cell ss:StyleID="s64"><Data ss:Type="String">10-11</Data></Cell>
    <Cell ss:StyleID="s65"><Data ss:Type="String">Trần Công Đạt</Data></Cell>
    <Cell ss:StyleID="s64"><Data ss:Type="String">7A2</Data></Cell>
    <Cell ss:StyleID="s64"><Data ss:Type="Number">0</Data></Cell>
    <Cell ss:StyleID="s66"><Data ss:Type="DateTime">1996-01-04T00:00:00.000</Data></Cell>
    <Cell ss:StyleID="s64"><Data ss:Type="String">Đông Hải - Đại Hải - Kế Sách</Data></Cell>
   </Row>
   <Row ss:AutoFitHeight="0">
    <Cell ss:StyleID="s67"><Data ss:Type="Number">5165</Data></Cell>
    <Cell ss:StyleID="s64"><Data ss:Type="String">10-11</Data></Cell>
    <Cell ss:StyleID="s65"><Data ss:Type="String">Phạm Thị Thúy Hằng</Data></Cell>
    <Cell ss:StyleID="s64"><Data ss:Type="String">7A2</Data></Cell>
    <Cell ss:StyleID="s64"><Data ss:Type="Number">1</Data></Cell>
    <Cell ss:StyleID="s66"><Data ss:Type="DateTime">1996-01-05T00:00:00.000</Data></Cell>
    <Cell ss:StyleID="s64"><Data ss:Type="String">Đông Hải - Đại Hải - Kế Sách</Data></Cell>
   </Row>
   <Row ss:AutoFitHeight="0">
    <Cell ss:StyleID="s67"><Data ss:Type="Number">5166</Data></Cell>
    <Cell ss:StyleID="s64"><Data ss:Type="String">10-11</Data></Cell>
    <Cell ss:StyleID="s65"><Data ss:Type="String">Bùi Văn Huy</Data></Cell>
    <Cell ss:StyleID="s64"><Data ss:Type="String">7A2</Data></Cell>
    <Cell ss:StyleID="s64"><Data ss:Type="Number">0</Data></Cell>
    <Cell ss:StyleID="s66"><Data ss:Type="DateTime">1996-01-06T00:00:00.000</Data></Cell>
    <Cell ss:StyleID="s64"><Data ss:Type="String">Đông Hải - Đại Hải - Kế Sách</Data></Cell>
   </Row>
   <Row ss:AutoFitHeight="0">
    <Cell ss:StyleID="s67"><Data ss:Type="Number">5167</Data></Cell>
    <Cell ss:StyleID="s64"><Data ss:Type="String">10-11</Data></Cell>
    <Cell ss:StyleID="s65"><Data ss:Type="String">Hà Quốc Huy</Data></Cell>
    <Cell ss:StyleID="s64"><Data ss:Type="String">7A2</Data></Cell>
    <Cell ss:StyleID="s64"><Data ss:Type="Number">0</Data></Cell>
    <Cell ss:StyleID="s66"><Data ss:Type="DateTime">1996-01-07T00:00:00.000</Data></Cell>
    <Cell ss:StyleID="s64"><Data ss:Type="String">Đông Hải - Đại Hải - Kế Sách</Data></Cell>
   </Row>
   <Row ss:AutoFitHeight="0">
    <Cell ss:StyleID="s67"><Data ss:Type="Number">5168</Data></Cell>
    <Cell ss:StyleID="s64"><Data ss:Type="String">10-11</Data></Cell>
    <Cell ss:StyleID="s65"><Data ss:Type="String">Lê Đức Huy</Data></Cell>
    <Cell ss:StyleID="s64"><Data ss:Type="String">7A2</Data></Cell>
    <Cell ss:StyleID="s64"><Data ss:Type="Number">0</Data></Cell>
    <Cell ss:StyleID="s66"><Data ss:Type="DateTime">1996-01-08T00:00:00.000</Data></Cell>
    <Cell ss:StyleID="s64"><Data ss:Type="String">Đông Hải - Đại Hải - Kế Sách</Data></Cell>
   </Row>
   <Row ss:AutoFitHeight="0">
    <Cell ss:StyleID="s67"><Data ss:Type="Number">5169</Data></Cell>
    <Cell ss:StyleID="s64"><Data ss:Type="String">10-11</Data></Cell>
    <Cell ss:StyleID="s65"><Data ss:Type="String">Lê Thị Ngọc Huyền</Data></Cell>
    <Cell ss:StyleID="s64"><Data ss:Type="String">7A2</Data></Cell>
    <Cell ss:StyleID="s64"><Data ss:Type="Number">1</Data></Cell>
    <Cell ss:StyleID="s66"><Data ss:Type="DateTime">1996-01-09T00:00:00.000</Data></Cell>
    <Cell ss:StyleID="s64"><Data ss:Type="String">Đông Hải - Đại Hải - Kế Sách</Data></Cell>
   </Row>
   <Row ss:AutoFitHeight="0">
    <Cell ss:StyleID="s67"><Data ss:Type="Number">5170</Data></Cell>
    <Cell ss:StyleID="s64"><Data ss:Type="String">10-11</Data></Cell>
    <Cell ss:StyleID="s65"><Data ss:Type="String">Nguyễn Quốc Khánh</Data></Cell>
    <Cell ss:StyleID="s64"><Data ss:Type="String">7A2</Data></Cell>
    <Cell ss:StyleID="s64"><Data ss:Type="Number">0</Data></Cell>
    <Cell ss:StyleID="s66"><Data ss:Type="DateTime">1996-01-10T00:00:00.000</Data></Cell>
    <Cell ss:StyleID="s64"><Data ss:Type="String">Đông Hải - Đại Hải - Kế Sách</Data></Cell>
   </Row>
   <Row ss:AutoFitHeight="0">
    <Cell ss:StyleID="s67"><Data ss:Type="Number">5171</Data></Cell>
    <Cell ss:StyleID="s64"><Data ss:Type="String">10-11</Data></Cell>
    <Cell ss:StyleID="s65"><Data ss:Type="String">Nguyễn Duy Khoa</Data></Cell>
    <Cell ss:StyleID="s64"><Data ss:Type="String">7A2</Data></Cell>
    <Cell ss:StyleID="s64"><Data ss:Type="Number">0</Data></Cell>
    <Cell ss:StyleID="s66"><Data ss:Type="DateTime">1996-01-11T00:00:00.000</Data></Cell>
    <Cell ss:StyleID="s64"><Data ss:Type="String">Đông Hải - Đại Hải - Kế Sách</Data></Cell>
   </Row>
   <Row ss:AutoFitHeight="0">
    <Cell ss:StyleID="s67"><Data ss:Type="Number">5172</Data></Cell>
    <Cell ss:StyleID="s64"><Data ss:Type="String">10-11</Data></Cell>
    <Cell ss:StyleID="s65"><Data ss:Type="String">Vũ Trường Long</Data></Cell>
    <Cell ss:StyleID="s64"><Data ss:Type="String">7A2</Data></Cell>
    <Cell ss:StyleID="s64"><Data ss:Type="Number">0</Data></Cell>
    <Cell ss:StyleID="s66"><Data ss:Type="DateTime">1996-01-12T00:00:00.000</Data></Cell>
    <Cell ss:StyleID="s64"><Data ss:Type="String">Đông Hải - Đại Hải - Kế Sách</Data></Cell>
   </Row>
   <Row ss:AutoFitHeight="0">
    <Cell ss:StyleID="s67"><Data ss:Type="Number">5173</Data></Cell>
    <Cell ss:StyleID="s64"><Data ss:Type="String">10-11</Data></Cell>
    <Cell ss:StyleID="s65"><Data ss:Type="String">Phạm Vũ Luân</Data></Cell>
    <Cell ss:StyleID="s64"><Data ss:Type="String">7A2</Data></Cell>
    <Cell ss:StyleID="s64"><Data ss:Type="Number">0</Data></Cell>
    <Cell ss:StyleID="s66"><Data ss:Type="DateTime">1996-01-13T00:00:00.000</Data></Cell>
    <Cell ss:StyleID="s64"><Data ss:Type="String">Đông Hải - Đại Hải - Kế Sách</Data></Cell>
   </Row>
   <Row ss:AutoFitHeight="0">
    <Cell ss:StyleID="s67"><Data ss:Type="Number">5174</Data></Cell>
    <Cell ss:StyleID="s64"><Data ss:Type="String">10-11</Data></Cell>
    <Cell ss:StyleID="s65"><Data ss:Type="String">Trần Thị Ngọc Mi</Data></Cell>
    <Cell ss:StyleID="s64"><Data ss:Type="String">7A2</Data></Cell>
    <Cell ss:StyleID="s64"><Data ss:Type="Number">1</Data></Cell>
    <Cell ss:StyleID="s66"><Data ss:Type="DateTime">1996-01-14T00:00:00.000</Data></Cell>
    <Cell ss:StyleID="s64"><Data ss:Type="String">Đông Hải - Đại Hải - Kế Sách</Data></Cell>
   </Row>
   <Row ss:AutoFitHeight="0">
    <Cell ss:StyleID="s67"><Data ss:Type="Number">5175</Data></Cell>
    <Cell ss:StyleID="s64"><Data ss:Type="String">10-11</Data></Cell>
    <Cell ss:StyleID="s65"><Data ss:Type="String">Trần Thị Thanh Ngân</Data></Cell>
    <Cell ss:StyleID="s64"><Data ss:Type="String">7A2</Data></Cell>
    <Cell ss:StyleID="s64"><Data ss:Type="Number">1</Data></Cell>
    <Cell ss:StyleID="s66"><Data ss:Type="DateTime">1996-01-15T00:00:00.000</Data></Cell>
    <Cell ss:StyleID="s64"><Data ss:Type="String">Đông Hải - Đại Hải - Kế Sách</Data></Cell>
   </Row>
   <Row ss:AutoFitHeight="0">
    <Cell ss:StyleID="s67"><Data ss:Type="Number">5176</Data></Cell>
    <Cell ss:StyleID="s64"><Data ss:Type="String">10-11</Data></Cell>
    <Cell ss:StyleID="s65"><Data ss:Type="String">Nguyễn Ngọc Nhân</Data></Cell>
    <Cell ss:StyleID="s64"><Data ss:Type="String">7A2</Data></Cell>
    <Cell ss:StyleID="s64"><Data ss:Type="Number">1</Data></Cell>
    <Cell ss:StyleID="s66"><Data ss:Type="DateTime">1996-01-16T00:00:00.000</Data></Cell>
    <Cell ss:StyleID="s64"><Data ss:Type="String">Đông Hải - Đại Hải - Kế Sách</Data></Cell>
   </Row>
   <Row ss:AutoFitHeight="0">
    <Cell ss:StyleID="s67"><Data ss:Type="Number">5177</Data></Cell>
    <Cell ss:StyleID="s64"><Data ss:Type="String">10-11</Data></Cell>
    <Cell ss:StyleID="s65"><Data ss:Type="String">Phạm Thị Yến Nhi</Data></Cell>
    <Cell ss:StyleID="s64"><Data ss:Type="String">7A2</Data></Cell>
    <Cell ss:StyleID="s64"><Data ss:Type="Number">1</Data></Cell>
    <Cell ss:StyleID="s66"><Data ss:Type="DateTime">1996-01-17T00:00:00.000</Data></Cell>
    <Cell ss:StyleID="s64"><Data ss:Type="String">Đông Hải - Đại Hải - Kế Sách</Data></Cell>
   </Row>
   <Row ss:AutoFitHeight="0">
    <Cell ss:StyleID="s67"><Data ss:Type="Number">5178</Data></Cell>
    <Cell ss:StyleID="s64"><Data ss:Type="String">10-11</Data></Cell>
    <Cell ss:StyleID="s65"><Data ss:Type="String">Tống Minh Nhựt</Data></Cell>
    <Cell ss:StyleID="s64"><Data ss:Type="String">7A2</Data></Cell>
    <Cell ss:StyleID="s64"><Data ss:Type="Number">1</Data></Cell>
    <Cell ss:StyleID="s66"><Data ss:Type="DateTime">1996-01-18T00:00:00.000</Data></Cell>
    <Cell ss:StyleID="s64"><Data ss:Type="String">Đông Hải - Đại Hải - Kế Sách</Data></Cell>
   </Row>
   <Row ss:AutoFitHeight="0">
    <Cell ss:StyleID="s67"><Data ss:Type="Number">5179</Data></Cell>
    <Cell ss:StyleID="s64"><Data ss:Type="String">10-11</Data></Cell>
    <Cell ss:StyleID="s65"><Data ss:Type="String">Nguyễn Thiện Quang</Data></Cell>
    <Cell ss:StyleID="s64"><Data ss:Type="String">7A2</Data></Cell>
    <Cell ss:StyleID="s64"><Data ss:Type="Number">1</Data></Cell>
    <Cell ss:StyleID="s66"><Data ss:Type="DateTime">1996-01-19T00:00:00.000</Data></Cell>
    <Cell ss:StyleID="s64"><Data ss:Type="String">Đông Hải - Đại Hải - Kế Sách</Data></Cell>
   </Row>
   <Row ss:AutoFitHeight="0">
    <Cell ss:StyleID="s67"><Data ss:Type="Number">5180</Data></Cell>
    <Cell ss:StyleID="s64"><Data ss:Type="String">10-11</Data></Cell>
    <Cell ss:StyleID="s65"><Data ss:Type="String">Nguyễn Minh Sơn</Data></Cell>
    <Cell ss:StyleID="s64"><Data ss:Type="String">7A2</Data></Cell>
    <Cell ss:StyleID="s64"><Data ss:Type="Number">1</Data></Cell>
    <Cell ss:StyleID="s66"><Data ss:Type="DateTime">1996-01-20T00:00:00.000</Data></Cell>
    <Cell ss:StyleID="s64"><Data ss:Type="String">Đông Hải - Đại Hải - Kế Sách</Data></Cell>
   </Row>
   <Row ss:AutoFitHeight="0">
    <Cell ss:StyleID="s67"><Data ss:Type="Number">5181</Data></Cell>
    <Cell ss:StyleID="s64"><Data ss:Type="String">10-11</Data></Cell>
    <Cell ss:StyleID="s65"><Data ss:Type="String">Nguyễn Hoàng Ánh Sương</Data></Cell>
    <Cell ss:StyleID="s64"><Data ss:Type="String">7A2</Data></Cell>
    <Cell ss:StyleID="s64"><Data ss:Type="Number">1</Data></Cell>
    <Cell ss:StyleID="s66"><Data ss:Type="DateTime">1996-01-21T00:00:00.000</Data></Cell>
    <Cell ss:StyleID="s64"><Data ss:Type="String">Đông Hải - Đại Hải - Kế Sách</Data></Cell>
   </Row>
   <Row ss:AutoFitHeight="0">
    <Cell ss:StyleID="s67"><Data ss:Type="Number">5182</Data></Cell>
    <Cell ss:StyleID="s64"><Data ss:Type="String">10-11</Data></Cell>
    <Cell ss:StyleID="s65"><Data ss:Type="String">Mai Thanh Tâm</Data></Cell>
    <Cell ss:StyleID="s64"><Data ss:Type="String">7A2</Data></Cell>
    <Cell ss:StyleID="s64"><Data ss:Type="Number">1</Data></Cell>
    <Cell ss:StyleID="s66"><Data ss:Type="DateTime">1996-01-22T00:00:00.000</Data></Cell>
    <Cell ss:StyleID="s64"><Data ss:Type="String">Đông Hải - Đại Hải - Kế Sách</Data></Cell>
   </Row>
   <Row ss:AutoFitHeight="0">
    <Cell ss:StyleID="s67"><Data ss:Type="Number">5183</Data></Cell>
    <Cell ss:StyleID="s64"><Data ss:Type="String">10-11</Data></Cell>
    <Cell ss:StyleID="s65"><Data ss:Type="String">Huỳnh Phùng Thanh Thanh</Data></Cell>
    <Cell ss:StyleID="s64"><Data ss:Type="String">7A2</Data></Cell>
    <Cell ss:StyleID="s64"><Data ss:Type="Number">1</Data></Cell>
    <Cell ss:StyleID="s66"><Data ss:Type="DateTime">1996-01-23T00:00:00.000</Data></Cell>
    <Cell ss:StyleID="s64"><Data ss:Type="String">Đông Hải - Đại Hải - Kế Sách</Data></Cell>
   </Row>
   <Row ss:AutoFitHeight="0">
    <Cell ss:StyleID="s67"><Data ss:Type="Number">5184</Data></Cell>
    <Cell ss:StyleID="s64"><Data ss:Type="String">10-11</Data></Cell>
    <Cell ss:StyleID="s65"><Data ss:Type="String">Lê Văn Thanh</Data></Cell>
    <Cell ss:StyleID="s64"><Data ss:Type="String">7A2</Data></Cell>
    <Cell ss:StyleID="s64"><Data ss:Type="Number">1</Data></Cell>
    <Cell ss:StyleID="s66"><Data ss:Type="DateTime">1996-01-24T00:00:00.000</Data></Cell>
    <Cell ss:StyleID="s64"><Data ss:Type="String">Đông Hải - Đại Hải - Kế Sách</Data></Cell>
   </Row>
   <Row ss:AutoFitHeight="0">
    <Cell ss:StyleID="s67"><Data ss:Type="Number">5185</Data></Cell>
    <Cell ss:StyleID="s64"><Data ss:Type="String">10-11</Data></Cell>
    <Cell ss:StyleID="s65"><Data ss:Type="String">Trần Ái Thi</Data></Cell>
    <Cell ss:StyleID="s64"><Data ss:Type="String">7A2</Data></Cell>
    <Cell ss:StyleID="s64"><Data ss:Type="Number">1</Data></Cell>
    <Cell ss:StyleID="s66"><Data ss:Type="DateTime">1996-01-25T00:00:00.000</Data></Cell>
    <Cell ss:StyleID="s64"><Data ss:Type="String">Đông Hải - Đại Hải - Kế Sách</Data></Cell>
   </Row>
   <Row ss:AutoFitHeight="0">
    <Cell ss:StyleID="s67"><Data ss:Type="Number">5186</Data></Cell>
    <Cell ss:StyleID="s64"><Data ss:Type="String">10-11</Data></Cell>
    <Cell ss:StyleID="s65"><Data ss:Type="String">Dư Thị Cẩm Thu</Data></Cell>
    <Cell ss:StyleID="s64"><Data ss:Type="String">7A2</Data></Cell>
    <Cell ss:StyleID="s64"><Data ss:Type="Number">1</Data></Cell>
    <Cell ss:StyleID="s66"><Data ss:Type="DateTime">1996-01-26T00:00:00.000</Data></Cell>
    <Cell ss:StyleID="s64"><Data ss:Type="String">Đông Hải - Đại Hải - Kế Sách</Data></Cell>
   </Row>
   <Row ss:AutoFitHeight="0">
    <Cell ss:StyleID="s67"><Data ss:Type="Number">5187</Data></Cell>
    <Cell ss:StyleID="s64"><Data ss:Type="String">10-11</Data></Cell>
    <Cell ss:StyleID="s65"><Data ss:Type="String">Huỳnh Vinh Thư</Data></Cell>
    <Cell ss:StyleID="s64"><Data ss:Type="String">7A2</Data></Cell>
    <Cell ss:StyleID="s64"><Data ss:Type="Number">1</Data></Cell>
    <Cell ss:StyleID="s66"><Data ss:Type="DateTime">1996-01-27T00:00:00.000</Data></Cell>
    <Cell ss:StyleID="s64"><Data ss:Type="String">Đông Hải - Đại Hải - Kế Sách</Data></Cell>
   </Row>
   <Row ss:AutoFitHeight="0">
    <Cell ss:StyleID="s67"><Data ss:Type="Number">5188</Data></Cell>
    <Cell ss:StyleID="s64"><Data ss:Type="String">10-11</Data></Cell>
    <Cell ss:StyleID="s65"><Data ss:Type="String">Trần Anh Thư</Data></Cell>
    <Cell ss:StyleID="s64"><Data ss:Type="String">7A2</Data></Cell>
    <Cell ss:StyleID="s64"><Data ss:Type="Number">1</Data></Cell>
    <Cell ss:StyleID="s66"><Data ss:Type="DateTime">1996-01-28T00:00:00.000</Data></Cell>
    <Cell ss:StyleID="s64"><Data ss:Type="String">Đông Hải - Đại Hải - Kế Sách</Data></Cell>
   </Row>
   <Row ss:AutoFitHeight="0">
    <Cell ss:StyleID="s67"><Data ss:Type="Number">5189</Data></Cell>
    <Cell ss:StyleID="s64"><Data ss:Type="String">10-11</Data></Cell>
    <Cell ss:StyleID="s65"><Data ss:Type="String">Nguyễn Minh Thức</Data></Cell>
    <Cell ss:StyleID="s64"><Data ss:Type="String">7A2</Data></Cell>
    <Cell ss:StyleID="s64"><Data ss:Type="Number">1</Data></Cell>
    <Cell ss:StyleID="s66"><Data ss:Type="DateTime">1996-01-29T00:00:00.000</Data></Cell>
    <Cell ss:StyleID="s64"><Data ss:Type="String">Đông Hải - Đại Hải - Kế Sách</Data></Cell>
   </Row>
   <Row ss:AutoFitHeight="0">
    <Cell ss:StyleID="s67"><Data ss:Type="Number">5190</Data></Cell>
    <Cell ss:StyleID="s64"><Data ss:Type="String">10-11</Data></Cell>
    <Cell ss:StyleID="s65"><Data ss:Type="String">Trần Vũ Tính</Data></Cell>
    <Cell ss:StyleID="s64"><Data ss:Type="String">7A2</Data></Cell>
    <Cell ss:StyleID="s64"><Data ss:Type="Number">1</Data></Cell>
    <Cell ss:StyleID="s66"><Data ss:Type="DateTime">1996-01-30T00:00:00.000</Data></Cell>
    <Cell ss:StyleID="s64"><Data ss:Type="String">Đông Hải - Đại Hải - Kế Sách</Data></Cell>
   </Row>
   <Row ss:AutoFitHeight="0">
    <Cell ss:StyleID="s67"><Data ss:Type="Number">5191</Data></Cell>
    <Cell ss:StyleID="s64"><Data ss:Type="String">10-11</Data></Cell>
    <Cell ss:StyleID="s65"><Data ss:Type="String">Nguyễn Thanh Trà</Data></Cell>
    <Cell ss:StyleID="s64"><Data ss:Type="String">7A2</Data></Cell>
    <Cell ss:StyleID="s64"><Data ss:Type="Number">1</Data></Cell>
    <Cell ss:StyleID="s66"><Data ss:Type="DateTime">1996-01-31T00:00:00.000</Data></Cell>
    <Cell ss:StyleID="s64"><Data ss:Type="String">Đông Hải - Đại Hải - Kế Sách</Data></Cell>
   </Row>
   <Row ss:AutoFitHeight="0">
    <Cell ss:StyleID="s67"><Data ss:Type="Number">5192</Data></Cell>
    <Cell ss:StyleID="s64"><Data ss:Type="String">10-11</Data></Cell>
    <Cell ss:StyleID="s65"><Data ss:Type="String">Trần Anh Tuấn</Data></Cell>
    <Cell ss:StyleID="s64"><Data ss:Type="String">7A2</Data></Cell>
    <Cell ss:StyleID="s64"><Data ss:Type="Number">0</Data></Cell>
    <Cell ss:StyleID="s66"><Data ss:Type="DateTime">1996-02-01T00:00:00.000</Data></Cell>
    <Cell ss:StyleID="s64"><Data ss:Type="String">Đông Hải - Đại Hải - Kế Sách</Data></Cell>
   </Row>
   <Row ss:AutoFitHeight="0">
    <Cell ss:StyleID="s67"><Data ss:Type="Number">5193</Data></Cell>
    <Cell ss:StyleID="s64"><Data ss:Type="String">10-11</Data></Cell>
    <Cell ss:StyleID="s65"><Data ss:Type="String">Nguyễn Thị Thúy Vy</Data></Cell>
    <Cell ss:StyleID="s64"><Data ss:Type="String">7A2</Data></Cell>
    <Cell ss:StyleID="s64"><Data ss:Type="Number">1</Data></Cell>
    <Cell ss:StyleID="s66"><Data ss:Type="DateTime">1996-02-02T00:00:00.000</Data></Cell>
    <Cell ss:StyleID="s64"><Data ss:Type="String">Đông Hải - Đại Hải - Kế Sách</Data></Cell>
   </Row>
  </Table>
  <WorksheetOptions xmlns="urn:schemas-microsoft-com:office:excel">
   <PageSetup>
    <Header x:Margin="0.3"/>
    <Footer x:Margin="0.3"/>
    <PageMargins x:Bottom="0.75" x:Left="0.7" x:Right="0.7" x:Top="0.75"/>
   </PageSetup>
   <Unsynced/>
   <Print>
    <ValidPrinterInfo/>
    <PaperSizeIndex>9</PaperSizeIndex>
    <HorizontalResolution>600</HorizontalResolution>
    <VerticalResolution>600</VerticalResolution>
   </Print>
   <Selected/>
   <Panes>
    <Pane>
     <Number>3</Number>
     <ActiveRow>1</ActiveRow>
     <ActiveCol>5</ActiveCol>
    </Pane>
   </Panes>
   <ProtectObjects>False</ProtectObjects>
   <ProtectScenarios>False</ProtectScenarios>
  </WorksheetOptions>
 </Worksheet>
</Workbook>
