<?xml version="1.0"?>
<?mso-application progid="Excel.Sheet"?>
<Workbook xmlns="urn:schemas-microsoft-com:office:spreadsheet"
 xmlns:o="urn:schemas-microsoft-com:office:office"
 xmlns:x="urn:schemas-microsoft-com:office:excel"
 xmlns:ss="urn:schemas-microsoft-com:office:spreadsheet"
 xmlns:html="http://www.w3.org/TR/REC-html40">
 <DocumentProperties xmlns="urn:schemas-microsoft-com:office:office">
  <LastAuthor>VIỆT HÙNG</LastAuthor>
  <Created>2011-04-02T12:32:34Z</Created>
  <Version>14.00</Version>
 </DocumentProperties>
 <OfficeDocumentSettings xmlns="urn:schemas-microsoft-com:office:office">
  <AllowPNG/>
 </OfficeDocumentSettings>
 <ExcelWorkbook xmlns="urn:schemas-microsoft-com:office:excel">
  <WindowHeight>8190</WindowHeight>
  <WindowWidth>19035</WindowWidth>
  <WindowTopX>120</WindowTopX>
  <WindowTopY>15</WindowTopY>
  <ProtectStructure>False</ProtectStructure>
  <ProtectWindows>False</ProtectWindows>
 </ExcelWorkbook>
 <Styles>
  <Style ss:ID="Default" ss:Name="Normal">
   <Alignment ss:Vertical="Bottom"/>
   <Borders/>
   <Font ss:FontName="Calibri" x:Family="Swiss" ss:Size="11" ss:Color="#000000"/>
   <Interior/>
   <NumberFormat/>
   <Protection/>
  </Style>
  <Style ss:ID="s62">
   <NumberFormat ss:Format="@"/>
  </Style>
  <Style ss:ID="s63">
   <Borders>
    <Border ss:Position="Bottom" ss:LineStyle="Continuous" ss:Weight="1"/>
    <Border ss:Position="Left" ss:LineStyle="Continuous" ss:Weight="1"/>
    <Border ss:Position="Right" ss:LineStyle="Continuous" ss:Weight="1"/>
    <Border ss:Position="Top" ss:LineStyle="Continuous" ss:Weight="1"/>
   </Borders>
  </Style>
  <Style ss:ID="s64">
   <Borders>
    <Border ss:Position="Bottom" ss:LineStyle="Continuous" ss:Weight="1"/>
    <Border ss:Position="Left" ss:LineStyle="Continuous" ss:Weight="1"/>
    <Border ss:Position="Right" ss:LineStyle="Continuous" ss:Weight="1"/>
    <Border ss:Position="Top" ss:LineStyle="Continuous" ss:Weight="1"/>
   </Borders>
   <NumberFormat ss:Format="@"/>
  </Style>
 </Styles>
 <Worksheet ss:Name="xl">
  <Table ss:ExpandedColumnCount="11" ss:ExpandedRowCount="34" x:FullColumns="1"
   x:FullRows="1" ss:DefaultRowHeight="15">
   <Column ss:Index="3" ss:StyleID="s62" ss:AutoFitWidth="0"/>
   <Column ss:Index="11" ss:Width="150.75"/>
   <Row ss:AutoFitHeight="0">
    <Cell ss:StyleID="s63"><Data ss:Type="String">MHS</Data></Cell>
    <Cell ss:StyleID="s63"><Data ss:Type="String">Mã lớp</Data></Cell>
    <Cell ss:StyleID="s64"><Data ss:Type="String">Mã năm học</Data></Cell>
    <Cell ss:StyleID="s63"><Data ss:Type="String">Mã học kỳ</Data></Cell>
    <Cell ss:StyleID="s63"><Data ss:Type="String">Điểm trung bình</Data></Cell>
    <Cell ss:StyleID="s63"><Data ss:Type="String">Học lực</Data></Cell>
    <Cell ss:StyleID="s63"><Data ss:Type="String">Hạnh Kiểm</Data></Cell>
    <Cell ss:StyleID="s63"><Data ss:Type="String">Số nncp</Data></Cell>
    <Cell ss:StyleID="s63"><Data ss:Type="String">Số nnkp</Data></Cell>
    <Cell ss:StyleID="s63"><Data ss:Type="String">Danh hiệu</Data></Cell>
    <Cell ss:StyleID="s63"><Data ss:Type="String">Nhận xét của GV</Data></Cell>
   </Row>
   <Row ss:AutoFitHeight="0">
    <Cell ss:StyleID="s63"><Data ss:Type="Number">5161</Data></Cell>
    <Cell ss:StyleID="s63"><Data ss:Type="String">7A2</Data></Cell>
    <Cell ss:StyleID="s64"><Data ss:Type="String">10-11</Data></Cell>
    <Cell ss:StyleID="s63"><Data ss:Type="Number">1</Data></Cell>
    <Cell ss:StyleID="s63"><Data ss:Type="Number">6.5</Data></Cell>
    <Cell ss:StyleID="s63"><Data ss:Type="String">TB</Data></Cell>
    <Cell ss:StyleID="s63"><Data ss:Type="String">K</Data></Cell>
    <Cell ss:StyleID="s63"><Data ss:Type="Number">1</Data></Cell>
    <Cell ss:StyleID="s63"><Data ss:Type="Number">0</Data></Cell>
    <Cell ss:StyleID="s63"><Data ss:Type="String">TT</Data></Cell>
    <Cell ss:StyleID="s63"><Data ss:Type="String">Chăm ngoan, ý thức học tập tốt</Data></Cell>
   </Row>
   <Row ss:AutoFitHeight="0">
    <Cell ss:StyleID="s63"><Data ss:Type="Number">5162</Data></Cell>
    <Cell ss:StyleID="s63"><Data ss:Type="String">7A2</Data></Cell>
    <Cell ss:StyleID="s64"><Data ss:Type="String">10-11</Data></Cell>
    <Cell ss:StyleID="s63"><Data ss:Type="Number">1</Data></Cell>
    <Cell ss:StyleID="s63"><Data ss:Type="Number">6.5</Data></Cell>
    <Cell ss:StyleID="s63"><Data ss:Type="String">TB</Data></Cell>
    <Cell ss:StyleID="s63"><Data ss:Type="String">K</Data></Cell>
    <Cell ss:StyleID="s63"><Data ss:Type="Number">1</Data></Cell>
    <Cell ss:StyleID="s63"><Data ss:Type="Number">0</Data></Cell>
    <Cell ss:StyleID="s63"><Data ss:Type="String">TT</Data></Cell>
    <Cell ss:StyleID="s63"><Data ss:Type="String">Chăm ngoan, ý thức học tập tốt</Data></Cell>
   </Row>
   <Row ss:AutoFitHeight="0">
    <Cell ss:StyleID="s63"><Data ss:Type="Number">5161</Data></Cell>
    <Cell ss:StyleID="s63"><Data ss:Type="String">7A2</Data></Cell>
    <Cell ss:StyleID="s64"><Data ss:Type="String">10-11</Data></Cell>
    <Cell ss:StyleID="s63"><Data ss:Type="Number">1</Data></Cell>
    <Cell ss:StyleID="s63"><Data ss:Type="Number">6.5</Data></Cell>
    <Cell ss:StyleID="s63"><Data ss:Type="String">TB</Data></Cell>
    <Cell ss:StyleID="s63"><Data ss:Type="String">K</Data></Cell>
    <Cell ss:StyleID="s63"><Data ss:Type="Number">0</Data></Cell>
    <Cell ss:StyleID="s63"><Data ss:Type="Number">0</Data></Cell>
    <Cell ss:StyleID="s63"><Data ss:Type="String">TT</Data></Cell>
    <Cell ss:StyleID="s63"><Data ss:Type="String">Chăm ngoan, ý thức học tập tốt</Data></Cell>
   </Row>
   <Row ss:AutoFitHeight="0">
    <Cell ss:StyleID="s63"><Data ss:Type="Number">5164</Data></Cell>
    <Cell ss:StyleID="s63"><Data ss:Type="String">7A2</Data></Cell>
    <Cell ss:StyleID="s64"><Data ss:Type="String">10-11</Data></Cell>
    <Cell ss:StyleID="s63"><Data ss:Type="Number">1</Data></Cell>
    <Cell ss:StyleID="s63"><Data ss:Type="Number">6.5</Data></Cell>
    <Cell ss:StyleID="s63"><Data ss:Type="String">TB</Data></Cell>
    <Cell ss:StyleID="s63"><Data ss:Type="String">K</Data></Cell>
    <Cell ss:StyleID="s63"><Data ss:Type="Number">0</Data></Cell>
    <Cell ss:StyleID="s63"><Data ss:Type="Number">0</Data></Cell>
    <Cell ss:StyleID="s63"><Data ss:Type="String">TT</Data></Cell>
    <Cell ss:StyleID="s63"><Data ss:Type="String">Chăm ngoan, ý thức học tập tốt</Data></Cell>
   </Row>
   <Row ss:AutoFitHeight="0">
    <Cell ss:StyleID="s63"><Data ss:Type="Number">5165</Data></Cell>
    <Cell ss:StyleID="s63"><Data ss:Type="String">7A2</Data></Cell>
    <Cell ss:StyleID="s64"><Data ss:Type="String">10-11</Data></Cell>
    <Cell ss:StyleID="s63"><Data ss:Type="Number">1</Data></Cell>
    <Cell ss:StyleID="s63"><Data ss:Type="Number">6.5</Data></Cell>
    <Cell ss:StyleID="s63"><Data ss:Type="String">TB</Data></Cell>
    <Cell ss:StyleID="s63"><Data ss:Type="String">K</Data></Cell>
    <Cell ss:StyleID="s63"><Data ss:Type="Number">0</Data></Cell>
    <Cell ss:StyleID="s63"><Data ss:Type="Number">0</Data></Cell>
    <Cell ss:StyleID="s63"><Data ss:Type="String">TT</Data></Cell>
    <Cell ss:StyleID="s63"><Data ss:Type="String">Chăm ngoan, ý thức học tập tốt</Data></Cell>
   </Row>
   <Row ss:AutoFitHeight="0">
    <Cell ss:StyleID="s63"><Data ss:Type="Number">5166</Data></Cell>
    <Cell ss:StyleID="s63"><Data ss:Type="String">7A2</Data></Cell>
    <Cell ss:StyleID="s64"><Data ss:Type="String">10-11</Data></Cell>
    <Cell ss:StyleID="s63"><Data ss:Type="Number">1</Data></Cell>
    <Cell ss:StyleID="s63"><Data ss:Type="Number">6.5</Data></Cell>
    <Cell ss:StyleID="s63"><Data ss:Type="String">TB</Data></Cell>
    <Cell ss:StyleID="s63"><Data ss:Type="String">K</Data></Cell>
    <Cell ss:StyleID="s63"><Data ss:Type="Number">0</Data></Cell>
    <Cell ss:StyleID="s63"><Data ss:Type="Number">0</Data></Cell>
    <Cell ss:StyleID="s63"><Data ss:Type="String">TT</Data></Cell>
    <Cell ss:StyleID="s63"><Data ss:Type="String">Chăm ngoan, ý thức học tập tốt</Data></Cell>
   </Row>
   <Row ss:AutoFitHeight="0">
    <Cell ss:StyleID="s63"><Data ss:Type="Number">5167</Data></Cell>
    <Cell ss:StyleID="s63"><Data ss:Type="String">7A2</Data></Cell>
    <Cell ss:StyleID="s64"><Data ss:Type="String">10-11</Data></Cell>
    <Cell ss:StyleID="s63"><Data ss:Type="Number">1</Data></Cell>
    <Cell ss:StyleID="s63"><Data ss:Type="Number">6.5</Data></Cell>
    <Cell ss:StyleID="s63"><Data ss:Type="String">TB</Data></Cell>
    <Cell ss:StyleID="s63"><Data ss:Type="String">K</Data></Cell>
    <Cell ss:StyleID="s63"><Data ss:Type="Number">1</Data></Cell>
    <Cell ss:StyleID="s63"><Data ss:Type="Number">2</Data></Cell>
    <Cell ss:StyleID="s63"><Data ss:Type="String">TT</Data></Cell>
    <Cell ss:StyleID="s63"><Data ss:Type="String">Chăm ngoan, ý thức học tập tốt</Data></Cell>
   </Row>
   <Row ss:AutoFitHeight="0">
    <Cell ss:StyleID="s63"><Data ss:Type="Number">5168</Data></Cell>
    <Cell ss:StyleID="s63"><Data ss:Type="String">7A2</Data></Cell>
    <Cell ss:StyleID="s64"><Data ss:Type="String">10-11</Data></Cell>
    <Cell ss:StyleID="s63"><Data ss:Type="Number">1</Data></Cell>
    <Cell ss:StyleID="s63"><Data ss:Type="Number">6.5</Data></Cell>
    <Cell ss:StyleID="s63"><Data ss:Type="String">TB</Data></Cell>
    <Cell ss:StyleID="s63"><Data ss:Type="String">K</Data></Cell>
    <Cell ss:StyleID="s63"><Data ss:Type="Number">1</Data></Cell>
    <Cell ss:StyleID="s63"><Data ss:Type="Number">2</Data></Cell>
    <Cell ss:StyleID="s63"><Data ss:Type="String">TT</Data></Cell>
    <Cell ss:StyleID="s63"><Data ss:Type="String">Chăm ngoan, ý thức học tập tốt</Data></Cell>
   </Row>
   <Row ss:AutoFitHeight="0">
    <Cell ss:StyleID="s63"><Data ss:Type="Number">5169</Data></Cell>
    <Cell ss:StyleID="s63"><Data ss:Type="String">7A2</Data></Cell>
    <Cell ss:StyleID="s64"><Data ss:Type="String">10-11</Data></Cell>
    <Cell ss:StyleID="s63"><Data ss:Type="Number">1</Data></Cell>
    <Cell ss:StyleID="s63"><Data ss:Type="Number">6.5</Data></Cell>
    <Cell ss:StyleID="s63"><Data ss:Type="String">TB</Data></Cell>
    <Cell ss:StyleID="s63"><Data ss:Type="String">K</Data></Cell>
    <Cell ss:StyleID="s63"><Data ss:Type="Number">1</Data></Cell>
    <Cell ss:StyleID="s63"><Data ss:Type="Number">2</Data></Cell>
    <Cell ss:StyleID="s63"><Data ss:Type="String">TT</Data></Cell>
    <Cell ss:StyleID="s63"><Data ss:Type="String">Chăm ngoan, ý thức học tập tốt</Data></Cell>
   </Row>
   <Row ss:AutoFitHeight="0">
    <Cell ss:StyleID="s63"><Data ss:Type="Number">5170</Data></Cell>
    <Cell ss:StyleID="s63"><Data ss:Type="String">7A2</Data></Cell>
    <Cell ss:StyleID="s64"><Data ss:Type="String">10-11</Data></Cell>
    <Cell ss:StyleID="s63"><Data ss:Type="Number">1</Data></Cell>
    <Cell ss:StyleID="s63"><Data ss:Type="Number">6.5</Data></Cell>
    <Cell ss:StyleID="s63"><Data ss:Type="String">TB</Data></Cell>
    <Cell ss:StyleID="s63"><Data ss:Type="String">K</Data></Cell>
    <Cell ss:StyleID="s63"><Data ss:Type="Number">1</Data></Cell>
    <Cell ss:StyleID="s63"><Data ss:Type="Number">2</Data></Cell>
    <Cell ss:StyleID="s63"><Data ss:Type="String">TT</Data></Cell>
    <Cell ss:StyleID="s63"><Data ss:Type="String">Chăm ngoan, ý thức học tập tốt</Data></Cell>
   </Row>
   <Row ss:AutoFitHeight="0">
    <Cell ss:StyleID="s63"><Data ss:Type="Number">5171</Data></Cell>
    <Cell ss:StyleID="s63"><Data ss:Type="String">7A2</Data></Cell>
    <Cell ss:StyleID="s64"><Data ss:Type="String">10-11</Data></Cell>
    <Cell ss:StyleID="s63"><Data ss:Type="Number">1</Data></Cell>
    <Cell ss:StyleID="s63"><Data ss:Type="Number">6.5</Data></Cell>
    <Cell ss:StyleID="s63"><Data ss:Type="String">TB</Data></Cell>
    <Cell ss:StyleID="s63"><Data ss:Type="String">K</Data></Cell>
    <Cell ss:StyleID="s63"><Data ss:Type="Number">1</Data></Cell>
    <Cell ss:StyleID="s63"><Data ss:Type="Number">2</Data></Cell>
    <Cell ss:StyleID="s63"><Data ss:Type="String">TT</Data></Cell>
    <Cell ss:StyleID="s63"><Data ss:Type="String">Chăm ngoan, ý thức học tập tốt</Data></Cell>
   </Row>
   <Row ss:AutoFitHeight="0">
    <Cell ss:StyleID="s63"><Data ss:Type="Number">5172</Data></Cell>
    <Cell ss:StyleID="s63"><Data ss:Type="String">7A2</Data></Cell>
    <Cell ss:StyleID="s64"><Data ss:Type="String">10-11</Data></Cell>
    <Cell ss:StyleID="s63"><Data ss:Type="Number">1</Data></Cell>
    <Cell ss:StyleID="s63"><Data ss:Type="Number">6.5</Data></Cell>
    <Cell ss:StyleID="s63"><Data ss:Type="String">TB</Data></Cell>
    <Cell ss:StyleID="s63"><Data ss:Type="String">K</Data></Cell>
    <Cell ss:StyleID="s63"><Data ss:Type="Number">1</Data></Cell>
    <Cell ss:StyleID="s63"><Data ss:Type="Number">2</Data></Cell>
    <Cell ss:StyleID="s63"><Data ss:Type="String">TT</Data></Cell>
    <Cell ss:StyleID="s63"><Data ss:Type="String">Chăm ngoan, ý thức học tập tốt</Data></Cell>
   </Row>
   <Row ss:AutoFitHeight="0">
    <Cell ss:StyleID="s63"><Data ss:Type="Number">5171</Data></Cell>
    <Cell ss:StyleID="s63"><Data ss:Type="String">7A2</Data></Cell>
    <Cell ss:StyleID="s64"><Data ss:Type="String">10-11</Data></Cell>
    <Cell ss:StyleID="s63"><Data ss:Type="Number">1</Data></Cell>
    <Cell ss:StyleID="s63"><Data ss:Type="Number">6.5</Data></Cell>
    <Cell ss:StyleID="s63"><Data ss:Type="String">TB</Data></Cell>
    <Cell ss:StyleID="s63"><Data ss:Type="String">K</Data></Cell>
    <Cell ss:StyleID="s63"><Data ss:Type="Number">1</Data></Cell>
    <Cell ss:StyleID="s63"><Data ss:Type="Number">2</Data></Cell>
    <Cell ss:StyleID="s63"><Data ss:Type="String">TT</Data></Cell>
    <Cell ss:StyleID="s63"><Data ss:Type="String">Chăm ngoan, ý thức học tập tốt</Data></Cell>
   </Row>
   <Row ss:AutoFitHeight="0">
    <Cell ss:StyleID="s63"><Data ss:Type="Number">5174</Data></Cell>
    <Cell ss:StyleID="s63"><Data ss:Type="String">7A2</Data></Cell>
    <Cell ss:StyleID="s64"><Data ss:Type="String">10-11</Data></Cell>
    <Cell ss:StyleID="s63"><Data ss:Type="Number">1</Data></Cell>
    <Cell ss:StyleID="s63"><Data ss:Type="Number">6.5</Data></Cell>
    <Cell ss:StyleID="s63"><Data ss:Type="String">TB</Data></Cell>
    <Cell ss:StyleID="s63"><Data ss:Type="String">K</Data></Cell>
    <Cell ss:StyleID="s63"><Data ss:Type="Number">1</Data></Cell>
    <Cell ss:StyleID="s63"><Data ss:Type="Number">2</Data></Cell>
    <Cell ss:StyleID="s63"><Data ss:Type="String">TT</Data></Cell>
    <Cell ss:StyleID="s63"><Data ss:Type="String">Chăm ngoan, ý thức học tập tốt</Data></Cell>
   </Row>
   <Row ss:AutoFitHeight="0">
    <Cell ss:StyleID="s63"><Data ss:Type="Number">5175</Data></Cell>
    <Cell ss:StyleID="s63"><Data ss:Type="String">7A2</Data></Cell>
    <Cell ss:StyleID="s64"><Data ss:Type="String">10-11</Data></Cell>
    <Cell ss:StyleID="s63"><Data ss:Type="Number">1</Data></Cell>
    <Cell ss:StyleID="s63"><Data ss:Type="Number">6.5</Data></Cell>
    <Cell ss:StyleID="s63"><Data ss:Type="String">TB</Data></Cell>
    <Cell ss:StyleID="s63"><Data ss:Type="String">K</Data></Cell>
    <Cell ss:StyleID="s63"><Data ss:Type="Number">1</Data></Cell>
    <Cell ss:StyleID="s63"><Data ss:Type="Number">2</Data></Cell>
    <Cell ss:StyleID="s63"><Data ss:Type="String">TT</Data></Cell>
    <Cell ss:StyleID="s63"><Data ss:Type="String">Chăm ngoan, ý thức học tập tốt</Data></Cell>
   </Row>
   <Row ss:AutoFitHeight="0">
    <Cell ss:StyleID="s63"><Data ss:Type="Number">5176</Data></Cell>
    <Cell ss:StyleID="s63"><Data ss:Type="String">7A2</Data></Cell>
    <Cell ss:StyleID="s64"><Data ss:Type="String">10-11</Data></Cell>
    <Cell ss:StyleID="s63"><Data ss:Type="Number">1</Data></Cell>
    <Cell ss:StyleID="s63"><Data ss:Type="Number">6.5</Data></Cell>
    <Cell ss:StyleID="s63"><Data ss:Type="String">TB</Data></Cell>
    <Cell ss:StyleID="s63"><Data ss:Type="String">K</Data></Cell>
    <Cell ss:StyleID="s63"><Data ss:Type="Number">1</Data></Cell>
    <Cell ss:StyleID="s63"><Data ss:Type="Number">2</Data></Cell>
    <Cell ss:StyleID="s63"><Data ss:Type="String">TT</Data></Cell>
    <Cell ss:StyleID="s63"><Data ss:Type="String">Chăm ngoan, ý thức học tập tốt</Data></Cell>
   </Row>
   <Row ss:AutoFitHeight="0">
    <Cell ss:StyleID="s63"><Data ss:Type="Number">5177</Data></Cell>
    <Cell ss:StyleID="s63"><Data ss:Type="String">7A2</Data></Cell>
    <Cell ss:StyleID="s64"><Data ss:Type="String">10-11</Data></Cell>
    <Cell ss:StyleID="s63"><Data ss:Type="Number">1</Data></Cell>
    <Cell ss:StyleID="s63"><Data ss:Type="Number">6.5</Data></Cell>
    <Cell ss:StyleID="s63"><Data ss:Type="String">TB</Data></Cell>
    <Cell ss:StyleID="s63"><Data ss:Type="String">K</Data></Cell>
    <Cell ss:StyleID="s63"><Data ss:Type="Number">1</Data></Cell>
    <Cell ss:StyleID="s63"><Data ss:Type="Number">2</Data></Cell>
    <Cell ss:StyleID="s63"><Data ss:Type="String">TT</Data></Cell>
    <Cell ss:StyleID="s63"><Data ss:Type="String">Chăm ngoan, ý thức học tập tốt</Data></Cell>
   </Row>
   <Row ss:AutoFitHeight="0">
    <Cell ss:StyleID="s63"><Data ss:Type="Number">5178</Data></Cell>
    <Cell ss:StyleID="s63"><Data ss:Type="String">7A2</Data></Cell>
    <Cell ss:StyleID="s64"><Data ss:Type="String">10-11</Data></Cell>
    <Cell ss:StyleID="s63"><Data ss:Type="Number">1</Data></Cell>
    <Cell ss:StyleID="s63"><Data ss:Type="Number">6.5</Data></Cell>
    <Cell ss:StyleID="s63"><Data ss:Type="String">TB</Data></Cell>
    <Cell ss:StyleID="s63"><Data ss:Type="String">K</Data></Cell>
    <Cell ss:StyleID="s63"><Data ss:Type="Number">1</Data></Cell>
    <Cell ss:StyleID="s63"><Data ss:Type="Number">2</Data></Cell>
    <Cell ss:StyleID="s63"><Data ss:Type="String">TT</Data></Cell>
    <Cell ss:StyleID="s63"><Data ss:Type="String">Chăm ngoan, ý thức học tập tốt</Data></Cell>
   </Row>
   <Row ss:AutoFitHeight="0">
    <Cell ss:StyleID="s63"><Data ss:Type="Number">5179</Data></Cell>
    <Cell ss:StyleID="s63"><Data ss:Type="String">7A2</Data></Cell>
    <Cell ss:StyleID="s64"><Data ss:Type="String">10-11</Data></Cell>
    <Cell ss:StyleID="s63"><Data ss:Type="Number">1</Data></Cell>
    <Cell ss:StyleID="s63"><Data ss:Type="Number">6.5</Data></Cell>
    <Cell ss:StyleID="s63"><Data ss:Type="String">TB</Data></Cell>
    <Cell ss:StyleID="s63"><Data ss:Type="String">K</Data></Cell>
    <Cell ss:StyleID="s63"><Data ss:Type="Number">1</Data></Cell>
    <Cell ss:StyleID="s63"><Data ss:Type="Number">2</Data></Cell>
    <Cell ss:StyleID="s63"><Data ss:Type="String">TT</Data></Cell>
    <Cell ss:StyleID="s63"><Data ss:Type="String">Chăm ngoan, ý thức học tập tốt</Data></Cell>
   </Row>
   <Row ss:AutoFitHeight="0">
    <Cell ss:StyleID="s63"><Data ss:Type="Number">5180</Data></Cell>
    <Cell ss:StyleID="s63"><Data ss:Type="String">7A2</Data></Cell>
    <Cell ss:StyleID="s64"><Data ss:Type="String">10-11</Data></Cell>
    <Cell ss:StyleID="s63"><Data ss:Type="Number">1</Data></Cell>
    <Cell ss:StyleID="s63"><Data ss:Type="Number">6.5</Data></Cell>
    <Cell ss:StyleID="s63"><Data ss:Type="String">TB</Data></Cell>
    <Cell ss:StyleID="s63"><Data ss:Type="String">K</Data></Cell>
    <Cell ss:StyleID="s63"><Data ss:Type="Number">1</Data></Cell>
    <Cell ss:StyleID="s63"><Data ss:Type="Number">2</Data></Cell>
    <Cell ss:StyleID="s63"><Data ss:Type="String">TT</Data></Cell>
    <Cell ss:StyleID="s63"><Data ss:Type="String">Chăm ngoan, ý thức học tập tốt</Data></Cell>
   </Row>
   <Row ss:AutoFitHeight="0">
    <Cell ss:StyleID="s63"><Data ss:Type="Number">5181</Data></Cell>
    <Cell ss:StyleID="s63"><Data ss:Type="String">7A2</Data></Cell>
    <Cell ss:StyleID="s64"><Data ss:Type="String">10-11</Data></Cell>
    <Cell ss:StyleID="s63"><Data ss:Type="Number">1</Data></Cell>
    <Cell ss:StyleID="s63"><Data ss:Type="Number">6.5</Data></Cell>
    <Cell ss:StyleID="s63"><Data ss:Type="String">TB</Data></Cell>
    <Cell ss:StyleID="s63"><Data ss:Type="String">K</Data></Cell>
    <Cell ss:StyleID="s63"><Data ss:Type="Number">1</Data></Cell>
    <Cell ss:StyleID="s63"><Data ss:Type="Number">2</Data></Cell>
    <Cell ss:StyleID="s63"><Data ss:Type="String">TT</Data></Cell>
    <Cell ss:StyleID="s63"><Data ss:Type="String">Chăm ngoan, ý thức học tập tốt</Data></Cell>
   </Row>
   <Row ss:AutoFitHeight="0">
    <Cell ss:StyleID="s63"><Data ss:Type="Number">5182</Data></Cell>
    <Cell ss:StyleID="s63"><Data ss:Type="String">7A2</Data></Cell>
    <Cell ss:StyleID="s64"><Data ss:Type="String">10-11</Data></Cell>
    <Cell ss:StyleID="s63"><Data ss:Type="Number">1</Data></Cell>
    <Cell ss:StyleID="s63"><Data ss:Type="Number">6.5</Data></Cell>
    <Cell ss:StyleID="s63"><Data ss:Type="String">TB</Data></Cell>
    <Cell ss:StyleID="s63"><Data ss:Type="String">K</Data></Cell>
    <Cell ss:StyleID="s63"><Data ss:Type="Number">1</Data></Cell>
    <Cell ss:StyleID="s63"><Data ss:Type="Number">2</Data></Cell>
    <Cell ss:StyleID="s63"><Data ss:Type="String">TT</Data></Cell>
    <Cell ss:StyleID="s63"><Data ss:Type="String">Chăm ngoan, ý thức học tập tốt</Data></Cell>
   </Row>
   <Row ss:AutoFitHeight="0">
    <Cell ss:StyleID="s63"><Data ss:Type="Number">5181</Data></Cell>
    <Cell ss:StyleID="s63"><Data ss:Type="String">7A2</Data></Cell>
    <Cell ss:StyleID="s64"><Data ss:Type="String">10-11</Data></Cell>
    <Cell ss:StyleID="s63"><Data ss:Type="Number">1</Data></Cell>
    <Cell ss:StyleID="s63"><Data ss:Type="Number">6.5</Data></Cell>
    <Cell ss:StyleID="s63"><Data ss:Type="String">TB</Data></Cell>
    <Cell ss:StyleID="s63"><Data ss:Type="String">K</Data></Cell>
    <Cell ss:StyleID="s63"><Data ss:Type="Number">1</Data></Cell>
    <Cell ss:StyleID="s63"><Data ss:Type="Number">2</Data></Cell>
    <Cell ss:StyleID="s63"><Data ss:Type="String">TT</Data></Cell>
    <Cell ss:StyleID="s63"><Data ss:Type="String">Chăm ngoan, ý thức học tập tốt</Data></Cell>
   </Row>
   <Row ss:AutoFitHeight="0">
    <Cell ss:StyleID="s63"><Data ss:Type="Number">5184</Data></Cell>
    <Cell ss:StyleID="s63"><Data ss:Type="String">7A2</Data></Cell>
    <Cell ss:StyleID="s64"><Data ss:Type="String">10-11</Data></Cell>
    <Cell ss:StyleID="s63"><Data ss:Type="Number">1</Data></Cell>
    <Cell ss:StyleID="s63"><Data ss:Type="Number">6.5</Data></Cell>
    <Cell ss:StyleID="s63"><Data ss:Type="String">TB</Data></Cell>
    <Cell ss:StyleID="s63"><Data ss:Type="String">K</Data></Cell>
    <Cell ss:StyleID="s63"><Data ss:Type="Number">1</Data></Cell>
    <Cell ss:StyleID="s63"><Data ss:Type="Number">2</Data></Cell>
    <Cell ss:StyleID="s63"><Data ss:Type="String">TT</Data></Cell>
    <Cell ss:StyleID="s63"><Data ss:Type="String">Chăm ngoan, ý thức học tập tốt</Data></Cell>
   </Row>
   <Row ss:AutoFitHeight="0">
    <Cell ss:StyleID="s63"><Data ss:Type="Number">5185</Data></Cell>
    <Cell ss:StyleID="s63"><Data ss:Type="String">7A2</Data></Cell>
    <Cell ss:StyleID="s64"><Data ss:Type="String">10-11</Data></Cell>
    <Cell ss:StyleID="s63"><Data ss:Type="Number">1</Data></Cell>
    <Cell ss:StyleID="s63"><Data ss:Type="Number">6.5</Data></Cell>
    <Cell ss:StyleID="s63"><Data ss:Type="String">TB</Data></Cell>
    <Cell ss:StyleID="s63"><Data ss:Type="String">K</Data></Cell>
    <Cell ss:StyleID="s63"><Data ss:Type="Number">1</Data></Cell>
    <Cell ss:StyleID="s63"><Data ss:Type="Number">2</Data></Cell>
    <Cell ss:StyleID="s63"><Data ss:Type="String">TT</Data></Cell>
    <Cell ss:StyleID="s63"><Data ss:Type="String">Chăm ngoan, ý thức học tập tốt</Data></Cell>
   </Row>
   <Row ss:AutoFitHeight="0">
    <Cell ss:StyleID="s63"><Data ss:Type="Number">5186</Data></Cell>
    <Cell ss:StyleID="s63"><Data ss:Type="String">7A2</Data></Cell>
    <Cell ss:StyleID="s64"><Data ss:Type="String">10-11</Data></Cell>
    <Cell ss:StyleID="s63"><Data ss:Type="Number">1</Data></Cell>
    <Cell ss:StyleID="s63"><Data ss:Type="Number">6.5</Data></Cell>
    <Cell ss:StyleID="s63"><Data ss:Type="String">TB</Data></Cell>
    <Cell ss:StyleID="s63"><Data ss:Type="String">K</Data></Cell>
    <Cell ss:StyleID="s63"><Data ss:Type="Number">1</Data></Cell>
    <Cell ss:StyleID="s63"><Data ss:Type="Number">2</Data></Cell>
    <Cell ss:StyleID="s63"><Data ss:Type="String">TT</Data></Cell>
    <Cell ss:StyleID="s63"><Data ss:Type="String">Chăm ngoan, ý thức học tập tốt</Data></Cell>
   </Row>
   <Row ss:AutoFitHeight="0">
    <Cell ss:StyleID="s63"><Data ss:Type="Number">5187</Data></Cell>
    <Cell ss:StyleID="s63"><Data ss:Type="String">7A2</Data></Cell>
    <Cell ss:StyleID="s64"><Data ss:Type="String">10-11</Data></Cell>
    <Cell ss:StyleID="s63"><Data ss:Type="Number">1</Data></Cell>
    <Cell ss:StyleID="s63"><Data ss:Type="Number">6.5</Data></Cell>
    <Cell ss:StyleID="s63"><Data ss:Type="String">TB</Data></Cell>
    <Cell ss:StyleID="s63"><Data ss:Type="String">K</Data></Cell>
    <Cell ss:StyleID="s63"><Data ss:Type="Number">1</Data></Cell>
    <Cell ss:StyleID="s63"><Data ss:Type="Number">2</Data></Cell>
    <Cell ss:StyleID="s63"><Data ss:Type="String">TT</Data></Cell>
    <Cell ss:StyleID="s63"><Data ss:Type="String">Chăm ngoan, ý thức học tập tốt</Data></Cell>
   </Row>
   <Row ss:AutoFitHeight="0">
    <Cell ss:StyleID="s63"><Data ss:Type="Number">5188</Data></Cell>
    <Cell ss:StyleID="s63"><Data ss:Type="String">7A2</Data></Cell>
    <Cell ss:StyleID="s64"><Data ss:Type="String">10-11</Data></Cell>
    <Cell ss:StyleID="s63"><Data ss:Type="Number">1</Data></Cell>
    <Cell ss:StyleID="s63"><Data ss:Type="Number">6.5</Data></Cell>
    <Cell ss:StyleID="s63"><Data ss:Type="String">TB</Data></Cell>
    <Cell ss:StyleID="s63"><Data ss:Type="String">K</Data></Cell>
    <Cell ss:StyleID="s63"><Data ss:Type="Number">1</Data></Cell>
    <Cell ss:StyleID="s63"><Data ss:Type="Number">2</Data></Cell>
    <Cell ss:StyleID="s63"><Data ss:Type="String">TT</Data></Cell>
    <Cell ss:StyleID="s63"><Data ss:Type="String">Chăm ngoan, ý thức học tập tốt</Data></Cell>
   </Row>
   <Row ss:AutoFitHeight="0">
    <Cell ss:StyleID="s63"><Data ss:Type="Number">5189</Data></Cell>
    <Cell ss:StyleID="s63"><Data ss:Type="String">7A2</Data></Cell>
    <Cell ss:StyleID="s64"><Data ss:Type="String">10-11</Data></Cell>
    <Cell ss:StyleID="s63"><Data ss:Type="Number">1</Data></Cell>
    <Cell ss:StyleID="s63"><Data ss:Type="Number">6.5</Data></Cell>
    <Cell ss:StyleID="s63"><Data ss:Type="String">TB</Data></Cell>
    <Cell ss:StyleID="s63"><Data ss:Type="String">K</Data></Cell>
    <Cell ss:StyleID="s63"><Data ss:Type="Number">1</Data></Cell>
    <Cell ss:StyleID="s63"><Data ss:Type="Number">2</Data></Cell>
    <Cell ss:StyleID="s63"><Data ss:Type="String">TT</Data></Cell>
    <Cell ss:StyleID="s63"><Data ss:Type="String">Chăm ngoan, ý thức học tập tốt</Data></Cell>
   </Row>
   <Row ss:AutoFitHeight="0">
    <Cell ss:StyleID="s63"><Data ss:Type="Number">5190</Data></Cell>
    <Cell ss:StyleID="s63"><Data ss:Type="String">7A2</Data></Cell>
    <Cell ss:StyleID="s64"><Data ss:Type="String">10-11</Data></Cell>
    <Cell ss:StyleID="s63"><Data ss:Type="Number">1</Data></Cell>
    <Cell ss:StyleID="s63"><Data ss:Type="Number">6.5</Data></Cell>
    <Cell ss:StyleID="s63"><Data ss:Type="String">TB</Data></Cell>
    <Cell ss:StyleID="s63"><Data ss:Type="String">K</Data></Cell>
    <Cell ss:StyleID="s63"><Data ss:Type="Number">1</Data></Cell>
    <Cell ss:StyleID="s63"><Data ss:Type="Number">2</Data></Cell>
    <Cell ss:StyleID="s63"><Data ss:Type="String">TT</Data></Cell>
    <Cell ss:StyleID="s63"><Data ss:Type="String">Chăm ngoan, ý thức học tập tốt</Data></Cell>
   </Row>
   <Row ss:AutoFitHeight="0">
    <Cell ss:StyleID="s63"><Data ss:Type="Number">5191</Data></Cell>
    <Cell ss:StyleID="s63"><Data ss:Type="String">7A2</Data></Cell>
    <Cell ss:StyleID="s64"><Data ss:Type="String">10-11</Data></Cell>
    <Cell ss:StyleID="s63"><Data ss:Type="Number">1</Data></Cell>
    <Cell ss:StyleID="s63"><Data ss:Type="Number">6.5</Data></Cell>
    <Cell ss:StyleID="s63"><Data ss:Type="String">TB</Data></Cell>
    <Cell ss:StyleID="s63"><Data ss:Type="String">K</Data></Cell>
    <Cell ss:StyleID="s63"><Data ss:Type="Number">1</Data></Cell>
    <Cell ss:StyleID="s63"><Data ss:Type="Number">2</Data></Cell>
    <Cell ss:StyleID="s63"><Data ss:Type="String">TT</Data></Cell>
    <Cell ss:StyleID="s63"><Data ss:Type="String">Chăm ngoan, ý thức học tập tốt</Data></Cell>
   </Row>
   <Row ss:AutoFitHeight="0">
    <Cell ss:StyleID="s63"><Data ss:Type="Number">5192</Data></Cell>
    <Cell ss:StyleID="s63"><Data ss:Type="String">7A2</Data></Cell>
    <Cell ss:StyleID="s64"><Data ss:Type="String">10-11</Data></Cell>
    <Cell ss:StyleID="s63"><Data ss:Type="Number">1</Data></Cell>
    <Cell ss:StyleID="s63"><Data ss:Type="Number">6.5</Data></Cell>
    <Cell ss:StyleID="s63"><Data ss:Type="String">TB</Data></Cell>
    <Cell ss:StyleID="s63"><Data ss:Type="String">K</Data></Cell>
    <Cell ss:StyleID="s63"><Data ss:Type="Number">1</Data></Cell>
    <Cell ss:StyleID="s63"><Data ss:Type="Number">2</Data></Cell>
    <Cell ss:StyleID="s63"><Data ss:Type="String">TT</Data></Cell>
    <Cell ss:StyleID="s63"><Data ss:Type="String">Chăm ngoan, ý thức học tập tốt</Data></Cell>
   </Row>
   <Row ss:AutoFitHeight="0">
    <Cell ss:StyleID="s63"><Data ss:Type="Number">5193</Data></Cell>
    <Cell ss:StyleID="s63"><Data ss:Type="String">7A2</Data></Cell>
    <Cell ss:StyleID="s64"><Data ss:Type="String">10-11</Data></Cell>
    <Cell ss:StyleID="s63"><Data ss:Type="Number">1</Data></Cell>
    <Cell ss:StyleID="s63"><Data ss:Type="Number">6.5</Data></Cell>
    <Cell ss:StyleID="s63"><Data ss:Type="String">TB</Data></Cell>
    <Cell ss:StyleID="s63"><Data ss:Type="String">K</Data></Cell>
    <Cell ss:StyleID="s63"><Data ss:Type="Number">1</Data></Cell>
    <Cell ss:StyleID="s63"><Data ss:Type="Number">2</Data></Cell>
    <Cell ss:StyleID="s63"><Data ss:Type="String">TT</Data></Cell>
    <Cell ss:StyleID="s63"><Data ss:Type="String">Chăm ngoan, ý thức học tập tốt</Data></Cell>
   </Row>
  </Table>
  <WorksheetOptions xmlns="urn:schemas-microsoft-com:office:excel">
   <PageSetup>
    <Header x:Margin="0.3"/>
    <Footer x:Margin="0.3"/>
    <PageMargins x:Bottom="0.75" x:Left="0.7" x:Right="0.7" x:Top="0.75"/>
   </PageSetup>
   <Unsynced/>
   <Print>
    <ValidPrinterInfo/>
    <PaperSizeIndex>9</PaperSizeIndex>
    <HorizontalResolution>600</HorizontalResolution>
    <VerticalResolution>600</VerticalResolution>
   </Print>
   <Selected/>
   <Panes>
    <Pane>
     <Number>3</Number>
     <ActiveRow>1</ActiveRow>
     <ActiveCol>9</ActiveCol>
    </Pane>
   </Panes>
   <ProtectObjects>False</ProtectObjects>
   <ProtectScenarios>False</ProtectScenarios>
  </WorksheetOptions>
 </Worksheet>
</Workbook>
