<?xml version="1.0" encoding="utf-8"?>
<install version="1.5" type="plugin" group="editors-xtd" method="upgrade">
	<name>Editor Button - JoomGallery insert image (JoomBu)</name>
	<author>JoomGallery::ProjectTeam</author>
	<creationDate>17.12.09</creationDate>
	<copyright>Copyright (C) 2005 - 2008 Open Source Matters. All rights reserved.</copyright>
	<license>http://www.gnu.org/licenses/gpl-2.0.html GNU/GPL</license>
	<authorEmail>team@joomgallery.net</authorEmail>
	<authorUrl>www.joomgallery.net</authorUrl>
	<version>1.5 BETA4</version>
	<description>Dieser Button erleichtert das Einfügen eines bestimmten Bildes aus der JoomGallery in einen Artikel</description>
	<files>
		<filename plugin="joombu">joombu.php</filename>
	</files>
  <languages folder="language">
    <language tag="en-GB">en-GB.plg_editors-xtd_joombu.ini</language>
    <language tag="de-DE">de-DE.plg_editors-xtd_joombu.ini</language>
  </languages>
	<params>
		<param name="extended" type="radio" default="1" label="JEB_EXTENDED" description="JEB_EXTENDED_DESCRIPTION">
			<option value="0">No</option>
			<option value="1">YES</option>
		</param>
	</params>
</install>