<?xml version="1.0" encoding="utf-8"?>
<extension version="1.7" type="plugin" group="editors-xtd" method="upgrade">
	<name>PLG_JOOMBU</name>
	<author>JoomGallery::ProjectTeam</author>
	<creationDate>01.11.11</creationDate>
	<copyright>Copyright (C) 2005 - 2011 Open Source Matters. All rights reserved.</copyright>
	<license>http://www.gnu.org/licenses/gpl-2.0.html GNU/GPL</license>
	<authorEmail>team@joomgallery.net</authorEmail>
	<authorUrl>www.joomgallery.net</authorUrl>
	<version>2.0 BETA</version>
	<description>PLG_JOOMBU_DESC</description>
	<files>
		<filename plugin="joombu">joombu.php</filename>
	</files>
  <languages folder="language">
    <language tag="en-GB">en-GB/en-GB.plg_editors-xtd_joombu.ini</language>
    <language tag="en-GB">en-GB/en-GB.plg_editors-xtd_joombu.sys.ini</language>
    <language tag="de-DE">de-DE/de-DE.plg_editors-xtd_joombu.ini</language>
    <language tag="de-DE">de-DE/de-DE.plg_editors-xtd_joombu.sys.ini</language>
  </languages>
  <config>
    <fields name="params">
      <fieldset name="basic">
        <field name="extended" type="radio" default="1" label="PLG_JOOMBU_FIELD_EXTENDED" description="PLG_JOOMBU_FIELD_EXTENDED_DESCRIPTION">
          <option value="0">JNO</option>
          <option value="1">JYES</option>
        </field>
      </fieldset>
    </fields>
  </config>
  <updateservers>
    <server type="collection" priority="1" name="JoomGallery Update Service">http://www.en.joomgallery.net/components/com_newversion/xml/extensions2.xml</server>
  </updateservers>
</extension>