<?xml version="1.0" encoding="utf-8"?>
<install version="1.5" type="plugin" group="fwgallery" method="upgrade">
	<name>FW Gallery - Batch Upload</name>
	<creationDate>16 November 2011</creationDate>
    <author>Fastw3b - We develop while you are thinking</author>
    <authorEmail>dev@fastw3b.net</authorEmail>
    <authorUrl>http://www.fastw3b.net</authorUrl>
    <copyright>Copyright (C) 2011 Fastw3b. All rights reserved.</copyright>
	<license>http://www.gnu.org/copyleft/gpl.html GNU/GPL</license>
	<version>1.2.0</version>
	<description>PLG_FWGALLERY_BATCHUPLOAD_XML_DESCRIPTION</description>
	<files>
        <filename plugin="batchupload">batchupload.php</filename>
        <folder>batchupload</folder>
	</files>
	<languages folder="language">
		<language tag="en-GB">en-GB/en-GB.plg_fwgallery_batchupload.ini</language>
		<language tag="en-GB">en-GB/en-GB.plg_fwgallery_batchupload.sys.ini</language>
	</languages>
	<params>
	</params>
</install>
