<?xml version="1.0" encoding="utf-8"?>
<install version="1.5" type="component" method="upgrade">
	<name>Version Verification Tool</name>
	<version>2.0.1</version>
	<creationDate>2012/01/04</creationDate>
	<author>SourceCoast | www.sourcecoast.com</author>
	<authorEmail>support@sourcecoast.com</authorEmail>
	<authorUrl>http://www.sourcecoast.com</authorUrl>
	<copyright>Copyright (C) 2010-2012 SourceCoast. All rights reserved.</copyright>
	<license>http://www.gnu.org/licenses/gpl-2.0.html GNU/GPL</license>
	<description>A component that will compare all the files in a Joomla installation against the md5 values of all versions of Joomla 1.5.x.</description>
	<administration>
		<menu img="components/com_versionverificationtool/assets/images/vvt_icon.png">Version Verification Tool</menu>
		<submenu>
			<menu controller="">Home</menu>
		</submenu>
		<files folder="admin">
			<file>admin.versionverificationtool.php</file>
			<file>config.xml</file>
			<file>controller.php</file>
			<file>index.html</file>
			<file>toolbar.versionverificationtool.html.php</file>
			<file>toolbar.versionverificationtool.php</file>
			<file>assets/index.html</file>
            <file>assets/sourcecoast.php</file>
			<file>assets/footer/index.html</file>
			<file>assets/footer/footer.php</file>
			<file>assets/footer/SourceCoast_Logo.png</file>
            <file>assets/images/vvt.png</file>
            <file>assets/images/vvt_icon.png</file>
            <file>assets/images/vvt_icon48.png</file>
			<file>helpers/helper.php</file>
			<file>helpers/index.html</file>
			<file>views/index.html</file>
			<file>views/home/index.html</file>
			<file>views/home/view.html.php</file>
			<file>views/home/tmpl/default.php</file>
			<file>views/home/tmpl/index.html</file>
			<file>xml/1_5/1.5.10.xml</file>
			<file>xml/1_5/1.5.11.xml</file>
			<file>xml/1_5/1.5.12.xml</file>
			<file>xml/1_5/1.5.13.xml</file>
			<file>xml/1_5/1.5.14.xml</file>
			<file>xml/1_5/1.5.15.xml</file>
			<file>xml/1_5/1.5.16.xml</file>
			<file>xml/1_5/1.5.17.xml</file>
			<file>xml/1_5/1.5.18.xml</file>
			<file>xml/1_5/1.5.19.xml</file>
			<file>xml/1_5/1.5.20.xml</file>
			<file>xml/1_5/1.5.21.xml</file>
			<file>xml/1_5/1.5.22.xml</file>
            <file>xml/1_5/1.5.23.xml</file>
            <file>xml/1_5/1.5.24.xml</file>
            <file>xml/1_5/1.5.25.xml</file>
		</files>
	</administration>
	<params>
		<param name="findversion" type="list" default="0" label="Find Version" description="If this is set to Yes, any modified files will be checked against all versions to try to find a match.  This will cause the check to take longer and use more memory.">
			<option value="0">No</option>
			<option value="1">Yes</option>
		</param>
		<param name="ignoreregex" type="text" default="/^installation\/.*/" label="Ignore Regular Expression" description="This regular expression will be used to determine which files should be ignored.  Since the installation directory is deleted after the Joomla site is configured, it will typically be missing on most sites, so we ignore it." />
		<param name="memory_limit" type="text" default="256M" label="Memory Limit" description="The component will try to set the memory_limit to this value if Find Version is set to Yes (default: 256M)." />
		<param name="max_execution_time" type="text" default="300" label="Max Execution Time" description="The component will try to set the max_execution_time to this value if Find Version is set to Yes (default: 300)." />
	</params>
</install>
