<?xml version="1.0" encoding="utf-8"?>
<extension version="2.5" type="plugin" group="joomgallery" method="upgrade">
  <name>PLG_JOOMGALLERY_JOOMJCOM</name>
  <author>Chraneco</author>
  <creationDate>2012/02/21</creationDate>
  <copyright>Copyright (C) 2010 - 2012 Open Source Matters. All rights reserved.</copyright>
  <license>http://www.gnu.org/licenses/gpl-2.0.html GNU/GPL</license>
  <authorEmail>chraneco@joomgallery.net</authorEmail>
  <authorUrl>www.joomgallery.net</authorUrl>
  <version>2.0 BETA</version>
  <description>PLG_JOOMGALLERY_JOOMJCOM_DESC</description>
  <files>
    <filename plugin="joomjcom">joomjcom.php</filename>
    <filename>index.html</filename>
  </files>
  <languages folder="language">
    <language tag="de-DE">de-DE/de-DE.plg_joomgallery_joomjcom.ini</language>
    <language tag="de-DE">de-DE/de-DE.plg_joomgallery_joomjcom.sys.ini</language>
    <language tag="en-GB">en-GB/en-GB.plg_joomgallery_joomjcom.ini</language>
    <language tag="en-GB">en-GB/en-GB.plg_joomgallery_joomjcom.sys.ini</language>
  </languages>
  <config>
    <fields name="params">
      <fieldset name="basic">
        <field name="image" type="radio" default="1" label="PLG_JOOMGALLERY_JOOMJCOM_IMAGE_COMMENTS" description="PLG_JOOMGALLERY_JOOMJCOM_IMAGE_COMMENTS_DESCRIPTION">
          <option value="0">No</option>
          <option value="1">Yes</option>
        </field>
        <field name="category" type="radio" default="1" label="PLG_JOOMGALLERY_JOOMJCOM_CATEGORY_COMMENTS" description="PLG_JOOMGALLERY_JOOMJCOM_CATEGORY_COMMENTS_DESCRIPTION">
          <option value="0">No</option>
          <option value="1">Yes</option>
        </field>
      </fieldset>
    </fields>
  </config>
</extension>