<?xml version="1.0" encoding="UTF-8"?>
<extension type="plugin" group="xmap" version="1.6">
  <name>Xmap - JoomGallery Plugin</name>
  <author>JoomGallery team</author>
  <creationDate>03/11/2012</creationDate>
  <copyright>GNU GPL</copyright>
  <license>http://www.gnu.org/copyleft/gpl.html GNU/GPL</license>
  <copyright>Copyright (C) 2009 - 2012 Open Source Matters. All rights reserved.</copyright>
  <license>http://www.gnu.org/licenses/gpl-2.0.html GNU/GPL</license>
  <authorEmail>team@joomgallery.net</authorEmail>
  <authorUrl>www.joomgallery.net</authorUrl>
  <version>2.0 BETA2</version>
  <description>Add support for categories and images on Joomgallery 2.0.0 or newer</description>
  <files>
      <filename plugin="com_joomgallery">com_joomgallery.php</filename>
      <filename>index.html</filename>
  </files>
  <languages folder="language" client="administrator">
    <language tag="en-GB" client="administrator">en-GB.plg_xmap_com_joomgallery.ini</language>
    <language tag="de-DE" client="administrator">de-DE.plg_xmap_com_joomgallery.ini</language>
  </languages>
  <config>
    <fields name="params">
      <fieldset name="basic">
        <field name="expand_categories" type="list" default="1" label="XMAP_SETTING_EXPAND_CATEGORIES" description="XMAP_SETTING_EXPAND_CATEGORIES_DESC">
          <option value="0">XMAP_OPTION_NEVER</option>
          <option value="1">XMAP_OPTION_ALWAYS</option>
          <option value="2">XMAP_OPTION_XML_ONLY</option>
          <option value="3">XMAP_OPTION_HTML_ONLY</option>
        </field>
        <field name="max_images" type="text" default="0" label="XMAP_SETTING_MAX_IMG_CAT" description="XMAP_SETTING_MAX_IMG_CAT_DESC" />
      </fieldset>
      <fieldset name="xml">
        <field name="cat_priority" type="list" default="-1" label="XMAP_SETTING_CAT_PRIORITY" description="XMAP_SETTING_CAT_PRIORITY_DESC">
          <option value="-1">XMAP_OPTION_USE_PARENT_MENU</option>
          <option value="0.0">0.0</option>
          <option value="0.1">0.1</option>
          <option value="0.2">0.2</option>
          <option value="0.3">0.3</option>
          <option value="0.4">0.4</option>
          <option value="0.5">0.5</option>
          <option value="0.6">0.6</option>
          <option value="0.7">0.7</option>
          <option value="0.8">0.8</option>
          <option value="0.9">0.9</option>
          <option value="1">1</option>
        </field>
        <field name="img_priority" type="list" default="-1" label="XMAP_SETTING_IMG_PRIORITY" description="XMAP_SETTING_IMG_PRIORITY_DESC">
          <option value="-1">XMAP_OPTION_USE_PARENT_MENU</option>
          <option value="0.0">0.0</option>
          <option value="0.1">0.1</option>
          <option value="0.2">0.2</option>
          <option value="0.3">0.3</option>
          <option value="0.4">0.4</option>
          <option value="0.5">0.5</option>
          <option value="0.6">0.6</option>
          <option value="0.7">0.7</option>
          <option value="0.8">0.8</option>
          <option value="0.9">0.9</option>
          <option value="1">1</option>
        </field>
        <field name="img_changefreq" type="list" default="-1" label="XMAP_SETTING_IMG_CHANCE_FREQ" description="XMAP_SETTING_IMG_CHANCE_FREQ_DESC">
          <option value="-1">XMAP_OPTION_USE_PARENT_MENU</option>
          <option value="always">XMAP_OPTION_ALWAYS</option>
          <option value="hourly">XMAP_OPTION_HOURLY</option>
          <option value="daily">XMAP_OPTION_DAILY</option>
          <option value="weekly">XMAP_OPTION_WEEKLY</option>
          <option value="monthly">XMAP_OPTION_MONTHLY</option>
          <option value="yearly">XMAP_OPTION_YEARLY</option>
          <option value="never">XMAP_OPTION_NEVER</option>
        </field>
      </fieldset>
    </fields>
  </config>
</extension>
