<?xml version="1.0" encoding="utf-8"?>
<install version="1.5" type="plugin" group="joomgallery" method="upgrade">
	<name>JoomGallery - Integrate reCaptcha</name>
	<author>Patrick Alt (Chraneco)</author>
	<creationDate>24.08.2011</creationDate>
	<copyright>Copyright (C) 2005 - 2011 Open Source Matters. All rights reserved.</copyright>
	<license>http://www.gnu.org/licenses/gpl-2.0.html GNU/GPL</license>
	<authorEmail>chraneco@joomgallery.net</authorEmail>
	<authorUrl>www.joomgallery.net</authorUrl>
	<version>1.5 BETA2</version>
	<description>Integrates reCaptcha in JoomGallery</description>
	<files>
		<filename plugin="joomrecaptcha">joomrecaptcha.php</filename>
	</files>
  <languages folder="language">
    <language tag="en-GB">en-GB.plg_joomgallery_joomrecaptcha.ini</language>
    <language tag="de-DE">de-DE.plg_joomgallery_joomrecaptcha.ini</language>
  </languages>
	<params>
    <params name="publickey" type="text" default="" label="JRECAPTCHA_PUBLICKEY" description="JRECAPTCHA_PUBLICKEY_TIP" />
    <params name="privatekey" type="text" default="" label="JRECAPTCHA_PRIVATEKEY" description="JRECAPTCHA_PRIVATEKEY_TIP" />
    <param name="spacer" type="spacer" default="JRECAPTCHA_GET_KEYS" />
		<param name="enabled_for" type="list" size="20" default="0" label="JRECAPTCHA_ENABLED_FOR" description="JRECAPTCHA_ENABLED_FOR_TIP">
			<option value="0">JRECAPTCHA_ENABLED_FOR_UNREGISTERED_ONLY</option>
			<option value="1">JRECAPTCHA_ENABLED_FOR_UNREGISTERED_AND_REGISTERED</option>
		</param>
		<param name="theme" type="list" size="20" default="red" label="JRECAPTCHA_THEME" description="JRECAPTCHA_THEME_TIP">
			<option value="red">red</option>
			<option value="white">white</option>
			<option value="blackglass">blackglass</option>
			<option value="clean">clean</option>
		</param>
  </params>
</install>