<?xml version="1.0" encoding="utf-8"?>
<form>
	<name>Category Edit Form</name>
	<params group="advanced" addpath="/administrator/components/com_joomgallery/elements">
		<param name="display_image_count" type="radio" default="0" label="Display Image Count" description="">
			<option value="0">No</option>
			<option value="1">Yes</option>
		</param>
		<param name="language" type="languages" client="site" label="Language" description="The language in which the content of this category is displayed" />
		<param name="additional_text" type="text" size="25" default="" label="Additional Text" description="Additional text to display" />
	</params>
</form>