<?xml version="1.0" encoding="utf-8"?>
<install version="1.5.10" type="plugin" group="content"  method="upgrade">
	<name>Content - RokDownloads Link</name>
	<author>RocketTheme, LLC</author>
	<creationDate>January 11, 2011</creationDate>
	<copyright>@COPYRIGHT</copyright>
	<license>http://www.gnu.org/copyleft/gpl.html GNU/GPL</license>
	<authorEmail>support@rockettheme.com</authorEmail>
	<authorUrl>http://www.rockettheme.com</authorUrl>
	<version>1.0.2</version>
	<description>DESCRIPTION_CONTENT_PLUGIN</description>
	<files>
		<filename plugin="rokdownloads">rokdownloads.php</filename>
		<folder>rokdownloads</folder>
	</files>
	<params>
		<param name="enabled" type="radio" default="1" label="Enable Plugin" description="PARAMENABLED">
			<option value="0">No</option>
			<option value="1">Yes</option>
		</param>
	</params>
</install>
