<?xml version="1.0" encoding="utf-8"?>
<form>
	<name>Download Edit Form</name>
	<params addpath="/administrator/components/com_rokdownloads/models">
		<param name="downloads" type="text" default="" label="LABEL.DOWNLOAD_COUNT" description="DESC.DOWNLOAD_COUNT" size="10"/>
		<param name="created" type="calendar" default="" label="LABEL.CREATED_DATE" description="DESC.CREATED_DATE" />
		<param name="modified" type="calendar" default="" label="LABEL.MODIFIED_DATE" description="DESC.MODIFIED_DATE" />
	</params>
	<params group="metadata">
		<param name="description" type="textarea" rows="5" cols="30" default="" label="Description" description="METADESC" />
		<param name="keywords" type="textarea" rows="5" cols="30" default="" label="LABEL.KEYWORDS" description="METAKEYS" />
		<param name="robots" type="text" size="20" default="" label="LABEL.ROBOTS" description="METAROBOTS" />
		<param name="author" type="text" size="20" default="" label="LABEL.AUTHOR" description="METAAUTHOR" />
	</params>
</form>
