<?xml version="1.0" encoding="utf-8"?><install type="module" version="1.5.0" method="upgrade">	<name>Photopro_portfolio multigallery flash </name>	<creationDate>January 2012, 28</creationDate>	<author>Smallirons</author>	<authorEmail>smallirons@gmail.com</authorEmail>	<authorUrl>http://smallirons.net</authorUrl>	<copyright>All rights reserved by Smallirons 2012</copyright>	<license>GPL 2.0</license>	<version>1.0</version>	<description>Photopro_portfolio multigallery flashXML for Joomla 1.5 </description>    <!-- Listing of all files that should be installed for the module to function -->        <files>        <!-- The "module" attribute signifies that this is the main controller file -->		<filename module="mod_photopro_portfolio">mod_photopro_portfolio.php</filename>		<filename>index.html</filename>		<filename>noimage_functions.php</filename>		<filename>photopro_portfolio.html</filename>		<filename>main.swf</filename>		<filename>AC_RunActiveContent.js</filename>		<folder>data/</folder>		<folder>music/</folder>			<folder>gallery/</folder>		</files><params> <!-- ImageScroller Parameters --><param name="bannerWidth" type="text" default="100%" label="Flash object width (px or %)" description="Flash object width a value or percentual"/><param name="bannerHeight" type="text" default="500" label="Flash object height (px)" description="Flash object height (px)"/><param name="pagetitle" type="textarea" default="PHOTOPRO" label="Page Title" description="Page title portfolio " cols="45" rows="1" /> <param name="pageid" type="textarea" default="PP" label="Page Id" description="Page ID portfolio " cols="45" rows="1" /> <param name="pageslogan" type="textarea" default="professional photograper" label="Page Slogan" description="Page slogan portfolio " cols="45" rows="1" /> <param name="pagecopyright" type="textarea" default="" label="Page copyright" description="Page copyright portfolio " cols="45" rows="1" /> <param name="firstgallery" type="textarea" default="Lake" label="First Gallery Name" description="First gallery Name " cols="45" rows="1" /> <param name="firstimgdir" type="textarea" default="modules/mod_photopro_portfolio/gallery/Lake" label="First Images Directory" description="First gallery folder " cols="45" rows="1" /> <param name="first_show_desc" type="radio" default="yes" label="First Show Description" description="Show/Hide Description." >	<option value="yes">yes</option>	<option value="no">no</option></param><param name="first_imgdsc" type="textarea" default="Description One\nDescription two\nDescription three\nDescription four, \nDescription five\nDescription six" label="First Images Description" description="Images Description" cols="45" rows="8" /><param name="secondgallery" type="textarea" default="Bridges" label="Second Gallery Name" description="Second gallery Name " cols="45" rows="1" /> <param name="secondimgdir" type="textarea" default="modules/mod_photopro_portfolio/gallery/Bridges" label="Second Images Directory" description="Second gallery folder " cols="45" rows="1" /> <param name="second_show_desc" type="radio" default="yes" label="Second Show Description" description="Show/Hide Description." >	<option value="yes">yes</option>	<option value="no">no</option></param><param name="second_imgdsc" type="textarea" default="Description One\nDescription two\nDescription three\nDescription four, \nDescription five\nDescription six" label="Second Images Description" description="Images Description" cols="45" rows="8" /><param name="thirdgallery" type="textarea" default="" label="Third Gallery Name" description="Third gallery Name " cols="45" rows="1" /> <param name="thirdimgdir" type="textarea" default="" label="Third Images Directory" description="Third gallery folder " cols="45" rows="1" /> <param name="third_show_desc" type="radio" default="no" label="Third Show Description" description="Show/Hide Description." >	<option value="yes">yes</option>	<option value="no">no</option></param><param name="third_imgdsc" type="textarea" default="" label="Third Images Description" description="Images Description" cols="45" rows="8" /><param name="musicdir" type="textarea" default="modules/mod_photopro_portfolio/music" label="Music mp3 Folder" description="Music mp3 folder " cols="45" rows="1" /> <param name="autostart_music" type="radio" default="yes" label="Autostart music" description="Autostart music." >	<option value="yes">yes</option>	<option value="no">no</option></param><param name="loop_music" type="radio" default="no" label="Loop music" description="Repeat current song." >	<option value="yes">yes</option>	<option value="no">no</option></param><param name="artist_desc" type="textarea" default="First artist\nSecond artist\nBig Joe " label="Artist name" description="Artist Description,  " cols="45" rows="8" /><param name="song_desc" type="textarea" default="mysong\nsound2\nmusicsound " label="Song name" description="Song name, separated by | " cols="45" rows="8" /></params><params group="advanced"><param name="moduleclass_sfx" type="text" default="" label="Module Class Suffix" description="PARAMMODULECLASSSUFFIX" /></params></install>