<?xml version="1.0" encoding="utf-8"?>
<!DOCTYPE install SYSTEM "http://dev.joomla.org/xml/1.5/component-install.dtd">
<install type="component" version="1.5.0" method="upgrade">
    <name>FW Gallery Tmpl Light</name>
    <creationDate>17 November 2011</creationDate>
    <author>Fastw3b - We develop while you are thinking</author>
    <authorEmail>dev@fastw3b.net</authorEmail>
    <authorUrl>http://www.fastw3b.net</authorUrl>
    <copyright>Copyright (C) 2011 Fastw3b. All rights reserved.</copyright>
    <license>http://www.gnu.org/copyleft/gpl.html GNU/GPL</license>
    <version>1.1.0</version>
    <description>FW Gallery Template - Light Theme</description>
    <installfile>install.php</installfile>
	<files folder="site">
		<folder>assets</folder>
		<folder>html</folder>
		<filename>index.html</filename> 
	</files>
	<administration>
		<files folder="admin">
			<filename>install.php</filename> 
			<filename>index.html</filename> 
		</files>
	</administration>
</install>