<?xml version="1.0" encoding="utf-8"?>
<extension version="2.5" type="plugin" group="joomgallery" method="upgrade">
	<name>PLG_JOOMGALLERY_JOOMHIGHSLIDE</name>
	<author>Chraneco</author>
	<creationDate>05.04.2012</creationDate>
	<copyright>Copyright (C) 2009 - 2012 Open Source Matters. All rights reserved.</copyright>
	<license>http://www.gnu.org/licenses/gpl-2.0.html GNU/GPL</license>
	<authorEmail>chraneco@joomgallery.net</authorEmail>
	<authorUrl>www.joomgallery.net</authorUrl>
	<version>2.0</version>
	<description>PLG_JOOMGALLERY_JOOMHIGHSLIDE_XML_DESCRIPTION</description>
	<files>
		<filename plugin="joomhighslide">joomhighslide.php</filename>
		<filename>index.html</filename>
	</files>
  <media>
    <folder>plg_joomhighslide</folder>
  </media>
  <languages folder="language">
    <language tag="de-DE">de-DE/de-DE.plg_joomgallery_joomhighslide.ini</language>
    <language tag="de-DE">de-DE/de-DE.plg_joomgallery_joomhighslide.sys.ini</language>
    <language tag="en-GB">en-GB/en-GB.plg_joomgallery_joomhighslide.ini</language>
    <language tag="en-GB">en-GB/en-GB.plg_joomgallery_joomhighslide.sys.ini</language>
  </languages>
	<config>
    <fields name="params">
      <fieldset name="basic">
        <field name="global_highslide_existent" type="radio" default="0" label="PLG_JOOMGALLERY_JOOMHIGHSLIDE_GLOBAL_SHADOWBOX_EXISTENT_LABEL" description="PLG_JOOMGALLERY_JOOMHIGHSLIDE_GLOBAL_SHADOWBOX_EXISTENT_DESC">
          <option value="0">JNO</option>
          <option value="1">JYES</option>
        </field>
      </fieldset>
    </fields>
  </config>
</extension>