<?xml version="1.0" encoding="utf-8"?>
<install version="1.5" type="plugin" group="search">
	<name>Search-Rquotes</name>
	<author>Kevin Burke</author>
	<creationDate>January 2012</creationDate>
	<copyright>(C) 2012</copyright>
	<license>Gpl-2</license>
	<authorEmail>Kevin@mytidbits.us</authorEmail>
	<authorUrl>www.mytidbits.us</authorUrl>
	<version>1.5.6</version>
	<description>Allows Searching of Rquotes Component. Plugin must be enabled to search Rquotes </description>
	<files>
		<filename plugin="rquotes">rquotes.php</filename>
	</files>
	<params>
		<param name="search_limit" type="text" size="5" default="50" label="Search Limit" description="Number of Search items to return"/>	
	</params>
</install>