<?xml version="1.0" encoding="utf-8"?>
<install type="plugin" group="search" version="1.5" method="upgrade">
  <name>Search - JoomGallery</name>
  <author>JoomGallery::Project Team</author>
  <creationDate>20.03.2011</creationDate>
  <authorEmail>team@joomgallery.net</authorEmail>
  <authorUrl>www.joomgallery.net</authorUrl>
  <copyright>(C) 2009 - 2011 JoomGallery::Project Team, A.Hornung, P.Kovacs</copyright>
  <license>This module is released under the GNU/GPL License</license>
  <version>1.5.7</version>
  <description>JoomGallery Search Plugin</description>
  <files>
    <filename plugin="joomgallery">joomgallery.php</filename>
  </files>
  <languages>
    <language tag="en-GB">languages/en-GB/en-GB.plg_search_joomgallery.ini</language>
    <language tag="de-DE">languages/de-DE/de-DE.plg_search_joomgallery.ini</language>
  </languages>
  <params>
    <param name="search_limit" type="text" default="0" label="JG_PLG_SEARCH_LIMIT_LBL" description="JG_PLG_SEARCH_LIMIT_DESC"/>
    <param name="search_itemid" type="text" default="" label="JG_PLG_SEARCH_ITEMID_LBL" description="JG_PLG_SEARCH_ITEMID_DESC"/>
    <param name="search_mode" type="list" default="0" label="JG_PLG_SEARCH_MODE_LBL" description="JG_PLG_SEARCH_MODE_DESC">
      <option value="0">JG_PLG_SEARCH_MODE_IMAGE_LBL</option>
      <option value="1">JG_PLG_SEARCH_MODE_CATEGORY_LBL</option>
    </param>
    <param name="search_hidden" type="radio" default="0" label="JG_PLG_SEARCH_HIDDEN_LBL" description="JG_PLG_SEARCH_HIDDEN_DESC">
      <option value="0">JG_PLG_SEARCH_NO_LBL</option>
      <option value="1">JG_PLG_SEARCH_YES_LBL</option>
    </param>        
    <param name="@spacer" type="spacer" default="" label="" description="" />
    <param name="search_img_description" type="radio" default="1" label="JG_PLG_SEARCH_IMG_DESCRIPTION_LBL" description="JG_PLG_SEARCH_IMG_DESCRIPTION_DESC">
      <option value="0">JG_PLG_SEARCH_NO_LBL</option>
      <option value="1">JG_PLG_SEARCH_YES_LBL</option>
    </param>
    <param name="search_img_comment" type="radio" default="0" label="JG_PLG_SEARCH_IMG_COMMENTS_LBL" description="JG_PLG_SEARCH_IMG_COMMENTS_DESC">
      <option value="0">JG_PLG_SEARCH_NO_LBL</option>
      <option value="1">JG_PLG_SEARCH_YES_LBL</option>
    </param>
    <param name="search_img_author" type="radio" default="0" label="JG_PLG_SEARCH_IMG_AUTHOR_LBL" description="JG_PLG_SEARCH_IMG_AUTHOR_DESC">
      <option value="0">JG_PLG_SEARCH_NO_LBL</option>
      <option value="1">JG_PLG_SEARCH_YES_LBL</option>
    </param>
    <param name="search_img_owner" type="radio" default="0" label="JG_PLG_SEARCH_IMG_OWNER_LBL" description="JG_PLG_SEARCH_IMG_OWNER_DESC">
      <option value="0">JG_PLG_SEARCH_NO_LBL</option>
      <option value="1">JG_PLG_SEARCH_YES_LBL</option>
    </param>
    <param name="@spacer" type="spacer" default="" label="" description="" />
    <param name="search_cat_description" type="radio" default="0" label="JG_PLG_SEARCH_CAT_DESCRIPTION_LBL" description="JG_PLG_SEARCH_CAT_DESCRIPTION_DESC">
      <option value="0">JG_PLG_SEARCH_NO_LBL</option>
      <option value="1">JG_PLG_SEARCH_YES_LBL</option>
    </param>
    <param name="search_cat_owner" type="radio" default="0" label="JG_PLG_SEARCH_CAT_OWNER_LBL" description="JG_PLG_SEARCH_CAT_OWNER_DESC">
      <option value="0">JG_PLG_SEARCH_NO_LBL</option>
      <option value="1">JG_PLG_SEARCH_YES_LBL</option>
    </param>
    <param name="@spacer" type="spacer" default="" label="" description="" />
    <param name="search_tmpl_overwrite" type="radio" default="0" label="JG_PLG_SEARCH_TMPL_OVERWRITE_LBL" description="JG_PLG_SEARCH_TMPL_OVERWRITE_DESC">
      <option value="0">JG_PLG_SEARCH_NO_LBL</option>
      <option value="1">JG_PLG_SEARCH_YES_LBL</option>
    </param>
  </params>
</install>