<?xml version="1.0" encoding="utf-8"?>
<install version="1.5" type="plugin" group="joomgallery" method="upgrade">
  <name>JoomGallery - JoomJomCom</name>
  <author>Patrick Alt</author>
  <creationDate>11.01.2010</creationDate>
  <copyright>Copyright (C) 2005 - 2008 Open Source Matters. All rights reserved.</copyright>
  <license>http://www.gnu.org/licenses/gpl-2.0.html GNU/GPL</license>
  <authorEmail>chraneco@joomgallery.net</authorEmail>
  <authorUrl>www.en.joomgallery.net</authorUrl>
  <version>1.5 BETA3</version>
  <description>This Plugin displays the number of comments of a given image or category which are stored in JomComment</description>
  <files>
    <filename plugin="joomjomcom">joomjomcom.php</filename>
  </files>
  <languages folder="language">
    <language tag="en-GB">en-GB.plg_joomgallery_joomjomcom.ini</language>
    <language tag="de-DE">de-DE.plg_joomgallery_joomjomcom.ini</language>
  </languages>
  <params>
    <param name="image" type="radio" default="1" label="JPJOMC_IMAGE_COMMENTS" description="JPJOMC_IMAGE_COMMENTS_DESCRIPTION">
      <option value="0">No</option>
      <option value="1">Yes</option>
    </param>
    <param name="category" type="radio" default="1" label="JPJOMC_CATEGORY_COMMENTS" description="JPJOMC_CATEGORY_COMMENTS_DESCRIPTION">
      <option value="0">No</option>
      <option value="1">Yes</option>
    </param>
  </params>
</install>