<?xml version="1.0" encoding="UTF-8"?>
<cbinstall version="1.0" type="plugin" group="user">
	<name>Gallery-Tab</name>
	<author>Armin Hornung-JoomGallery team</author>
	<creationDate>2010-01-19</creationDate>
	<copyright>(C) 2009 Armin Hornung</copyright>
	<license>http://www.gnu.org/copyleft/gpl.html GNU/GPL</license>
	<authorEmail>mail [at] arminhornung [dot] de</authorEmail>
	<authorUrl>http://www.arminhornung.de</authorUrl>
	<version>1.0</version>
  <description>Provides some tabs for Community Builder for usage with JoomGallery. Be sure the publish the Plugin before usage. Then, you can configure, publish and unpublish each tab of it separately in the CB Tab Management.</description>
  <files>
    <filename plugin="cb.gallerytab">cb.gallerytab.php</filename>
    <filename>index.html</filename>
    <filename>language/english.php</filename>
    <filename>language/german.php</filename>
    <filename>language/spanish.php</filename>
    <filename>language/japanese.php</filename>
    <filename>language/index.html</filename>
  </files>
  <tabs>
    <tab name="Gallery" description="" class="getGalleryTab" fields="0" position="cb_tabmain" displaytype="tab">
      <params>
        <param name="showEmptyTab" type="radio" default="1" label="Show empty Tab" description="Display the Gallery Tab even if the user has no pics uploaded">
          <option value="0">Disabled</option>
          <option value="1">Enabled</option>
        </param>
        <param name="uploadLinkEnabled" type="radio" default="1" label="Display Link to Joomgallery Userpanel for uploads" description="When visiting his own Usergallery, the user can be given a link to upload more pictures">
          <option value="0">Disabled</option>
            <option value="1">Enabled</option>
        </param>
        <param name="showUserRating" type="radio" default="1" label="Show overall user rating" description="Displays the overall rating of the user, averaged from all his votes.">
          <option value="0">Disabled</option>
            <option value="1">Enabled</option>
        </param>
        <param name="showCategory" type="radio" default="1" label="Display Category Path" description="Show the category path the picture is in under the title">
          <option value="0">Disabled</option>
          <option value="1">Enabled</option>
        </param>
        <param name="sortBy" type="list" default="jg.catid ASC" label="Order images by" description="">
          <option value="jg.catid ASC">Category (default)</option>
          <option value="jg.imgdate ASC">Date (oldest first)</option>
          <option value="jg.imgdate DESC">Date (newest first)</option>
          <option value="jg.imgcounter DESC">Hits (most viewed first)</option>
          <option value="cmtcount DESC">Comments (most commented first)</option>
          <option value="vote DESC">Rating (best first)</option>                    
        </param>
        <param name="categoryfilter" type="text" size="15" default="" label="Display only from categories" description="Enter a comma-separated list of category-IDs to display only pictures from these categories (e.g. &quot;1,5,6&quot;). Leave empty (default) to show pictures from all categories. This option requires JoomGallery 1.0.1, 1.5, or later!" />
        <param name="picsperpage" type="text" size="5" default="" label="Pictures per Page" description="Leave empty (default) to use the setting from the JoomGallery component" />
        <param name="numcols" type="text" size="5" default="" label="Number of columns" description="Leave empty (default) to use the setting from the JoomGallery component" />
        <param name="pagination" type="radio" default="1" label="Display pagination (otherwise only first page)" description="Spreads the images over several pages. If disabled, only the first page will be displayed, containing the # of pics entered above">
          <option value="0">Disabled</option>
            <option value="1">Enabled</option>
        </param>
                <param name="hidebackend" type="radio" default="0" label="Hide images uploaded from Backend" description="If enabled, no pictures that were uploaded from the Admin backend are shown on the tab.">
          <option value="0">Disabled</option>
            <option value="1">Enabled</option>
        </param>
        <param name="showhits" type="radio" default="1" label="Show number of hits" description="">
          <option value="0">Disabled</option>
            <option value="1">Enabled</option>
        </param>
        <param name="shownumcomments" type="radio" default="1" label="Show number of comments" description="">
          <option value="0">Disabled</option>
            <option value="1">Enabled</option>
        </param>
        <param name="showrate" type="radio" default="1" label="Show rating" description="">
          <option value="0">Disabled</option>
            <option value="1">Enabled</option>
        </param>
      </params>
      <fields>
      </fields>
    </tab>
    <tab name="Tagged Images" description="" class="getGalleryTagsTab" fields="0" position="cb_tabmain" displaytype="tab">
      <params>
        <param name="showEmptyTab" type="radio" default="1" label="Show empty Tab" description="Display the GalleryTags-Tab even if the user is tagged in no images">
          <option value="0">Disabled</option>
          <option value="1">Enabled</option>
        </param>
        <param name="showCategory" type="radio" default="1" label="Display Category Path" description="Show the category path the picture is in under the title">
          <option value="0">Disabled</option>
          <option value="1">Enabled</option>
        </param>
        <param name="sortBy" type="list" default="jg.catid ASC" label="Order images by:" description="">
          <option value="jg.catid ASC">Category (default)</option>
          <option value="jg.imgdate ASC">Date (oldest first)</option>
          <option value="jg.imgdate DESC">Date (newest first)</option>
          <option value="jg.imgcounter DESC">Hits (most viewed first)</option>
          <option value="cmtcount DESC">Comments (most commented first)</option>
          <option value="vote DESC">Rating (best first)</option>                
        </param>
        <param name="categoryfilter" type="text" size="15" default="" label="Display only from categories" description="Enter a comma-separated list of category-IDs to display only pictures from these categories (e.g. &quot;1,5,6&quot;). Leave empty (default) to show pictures from all categories. This option requires JoomGallery 1.0.1, 1.5, or later!" />
        <param name="picsperpage" type="text" size="5" default="" label="Pictures per Page" description="Leave empty (default) to use the setting from the JoomGallery component" />
        <param name="numcols" type="text" size="5" default="" label="Number of columns" description="Leave empty (default) to use the setting from the JoomGallery component" />
        <param name="pagination" type="radio" default="1" label="Display pagination (otherwise only first page)" description="Spreads the images over several pages. If disabled, only the first page will be displayed, containing the # of pics entered above">
          <option value="0">Disabled</option>
            <option value="1">Enabled</option>
        </param>
                <param name="hidebackend" type="radio" default="0" label="Hide images uploaded from Backend" description="If enabled, no pictures that were uploaded from the Admin backend are shown on the tab.">
          <option value="0">Disabled</option>
            <option value="1">Enabled</option>
        </param>
        <param name="showauthor" type="radio" default="1" label="Show image author" description="Displays the author of the image.">
          <option value="0">Disabled</option>
            <option value="1">Enabled</option>
        </param>
        <param name="showhits" type="radio" default="1" label="Show number of hits" description="">
          <option value="0">Disabled</option>
            <option value="1">Enabled</option>
        </param>
        <param name="shownumcomments" type="radio" default="1" label="Show number of comments" description="">
          <option value="0">Disabled</option>
            <option value="1">Enabled</option>
        </param>
        <param name="showrate" type="radio" default="1" label="Show rating" description="">
          <option value="0">Disabled</option>
            <option value="1">Enabled</option>
        </param>
      </params>
      <fields>
      </fields>
    </tab>
    <tab name="Favoured Images" description="" class="getGalleryFavouritesTab" fields="0" position="cb_tabmain" displaytype="tab">
      <params>
        <param name="showEmptyTab" type="radio" default="1" label="Show empty Tab" description="Display the GalleryFavourits-Tab even when the user has no favourites">
          <option value="0">Disabled</option>
          <option value="1">Enabled</option>
        </param>
        <param name="showPublic" type="radio" default="1" label="Display favoured images to Public" description="Enable, if everybody should see a user\'s favourites. Otherwise, only the user will see the favourites tab in his profile">
          <option value="0">Disabled</option>
          <option value="1">Enabled</option>
        </param>
        <param name="showCategory" type="radio" default="1" label="Display Category Path" description="Show the category path the picture is in under the title">
          <option value="0">Disabled</option>
          <option value="1">Enabled</option>
        </param>
        <param name="sortBy" type="list" default="jg.catid ASC" label="Order images by:" description="">
          <option value="jg.catid ASC">Category (default)</option>
          <option value="jg.imgdate ASC">Date (oldest first)</option>
          <option value="jg.imgdate DESC">Date (newest first)</option>
          <option value="jg.imgcounter DESC">Hits (most viewed first)</option>
          <option value="cmtcount DESC">Comments (most commented first)</option>
          <option value="vote DESC">Rating (best first)</option>                
        </param>
        <param name="categoryfilter" type="text" size="15" default="" label="Display only from categories" description="Enter a comma-separated list of category-IDs to display only pictures from these categories (e.g. &quot;1,5,6&quot;). Leave empty (default) to show pictures from all categories. This option requires JoomGallery 1.0.1, 1.5, or later!" />
        <param name="picsperpage" type="text" size="5" default="" label="Pictures per Page" description="Leave empty (default) to use the setting from the JoomGallery component" />
        <param name="numcols" type="text" size="5" default="" label="Number of columns" description="Leave empty (default) to use the setting from the JoomGallery component" />
        <param name="pagination" type="radio" default="1" label="Display pagination (otherwise only first page)" description="Spreads the images over several pages. If disabled, only the first page will be displayed, containing the # of pics entered above">
          <option value="0">Disabled</option>
            <option value="1">Enabled</option>
        </param>
                <param name="hidebackend" type="radio" default="0" label="Hide images uploaded from Backend" description="If enabled, no pictures that were uploaded from the Admin backend are shown on the tab.">
          <option value="0">Disabled</option>
            <option value="1">Enabled</option>
        </param>
        <param name="showauthor" type="radio" default="1" label="Show image author" description="Displays the author of the image.">
          <option value="0">Disabled</option>
            <option value="1">Enabled</option>
        </param>
        <param name="showhits" type="radio" default="1" label="Show number of hits" description="">
          <option value="0">Disabled</option>
            <option value="1">Enabled</option>
        </param>
        <param name="shownumcomments" type="radio" default="1" label="Show number of comments" description="">
          <option value="0">Disabled</option>
            <option value="1">Enabled</option>
        </param>
        <param name="showrate" type="radio" default="1" label="Show rating" description="">
          <option value="0">Disabled</option>
            <option value="1">Enabled</option>
        </param>
      </params>
      <fields>
      </fields>
    </tab>
    <tab name="Gallery Comments" description="" class="getGalleryCommentsTab" fields="0" position="cb_tabmain" displaytype="tab">
      <params>
        <param name="showEmptyTab" type="radio" default="1" label="Show empty Tab" description="Display the Comments-Tab even when there are no comments">
          <option value="0">Disabled</option>
          <option value="1">Enabled</option>
        </param>
        <param name="sortBy" type="list" default="jgco.cmtid DESC" label="Order images by:" description="">
          <option value="jgco.cmtid DESC">Date (newest first, default)</option>
          <option value="jgco.cmtid ASC">Date (oldest first)</option>
          <option value="jg.imgcounter DESC">Hits (most viewed first)</option>
          <option value="cmtcount DESC">Comments (most commented first)</option>
          <option value="vote DESC">Rating (best first)</option>                
        </param>
        <param name="numrows" type="text" size="5" default="15" label="Number of comments per page" description="How many comments to display, either in total or per page (depending on the setting of the next option)" />
        <param name="pagination" type="radio" default="1" label="Display pagination (otherwise only first page)" description="Spreads the comments over several pages. If disabled, only the first page will be displayed, containing the # of comments entered above">
          <option value="0">Disabled</option>
            <option value="1">Enabled</option>
        </param>
        <param name="completeComment" type="radio" default="1" label="Complete comment (otherwise shortened)" description="Should the complete comment, or only the beginning be showed?">
          <option value="0">Disabled</option>
            <option value="1">Enabled</option>
        </param>
      </params>
    </tab>
  </tabs>
</cbinstall>