<?xml version="1.0" encoding="utf-8"?>
<install version="1.5" type="template" method="upgrade">
	<name>Hallo</name>
	<creationDate>14 Nov 2011</creationDate>
	<author>Fastw3b - We develop while you are thinking</author>
	<copyright>Copyright (C) 2011 Fastweb. All rights reserved.</copyright>
	<authorEmail>templates@fastw3b.net</authorEmail>
	<authorUrl>http://www.fastw3b.net</authorUrl>
	<license>http://www.gnu.org/copyleft/gpl.html GNU/GPL</license>
	<version>1.1.1</version>
	<description><![CDATA[
	<p><strong><img style="margin-right: 10px; float: left;" alt="hallo.png" src="../templates/hallo/images/hallo.png" width="188" height="248" /></p>
	
<p>&nbsp;<strong></strong></p>
<p><strong>FW Gallery Hallo Template</strong> has been installed successfully on your website.</p>
<p>Thank you for your choice! We hope that you will enjoy Fastw3b extensions!</p>
<p>&nbsp;</p>
<p>FW Gallery Hallo Template is specially designed for FW Gallery and dits add-ons. Creative, neat and attractive design for your Joomla gallery site.</p>
<p><strong><br /></strong></p>
<p><strong>What to do next?</strong></p>
<p>1. Go to Extensions &gt;&gt; Template Manager</p>
<p>2. Select FW Gallery Hallo Template &gt;&gt; Default</p>
<p>&nbsp;</p>
<p><strong>Useful links:</strong></p>
<ul>
<li><a target="_blank" href="http://fastw3b.net/joomla-extensions/product/84-fw-gallery-hallo-template.html">Product homepage &gt;&gt;</a></li>
<li>FW Gallery <a target="_blank" href="http://fastw3b.net/joomla-extensions/fw-gallery.html">add-ons &gt;&gt;</a></li>
<li>Read <a target="_blank" href="http://fastw3b.net/latest-news.html">FW Gallery latest news &gt;&gt;</a></li>
<li>Follow us on <a href="http://twitter.com/#%21/Fastw3b" target="_blank">Twitter</a> or<a href="http://www.facebook.com/pages/Fastw3b/165610930146118" target="_blank"> Facebook &gt;&gt;</a></li>
<li>Have any questions? Feel free to <a href="http://fastw3b.net/contact-us.html" target="_blank">contact us &gt;&gt;</a></li>
<li>See other <a href="http://fastw3b.net/joomla-extensions/templates.html" target="_blank">Fastw3b templates &gt;&gt;</a></li>
</ul>
<p>&nbsp;</p>
<div>Developed by <a href="http://fastw3b.net/" target="_blank">Fastw3b</a></div>
	]]></description>
	<files>
		<folder>css/</folder>
		<folder>images/</folder>
		<folder>fonts/</folder>
		<filename>favicon.ico</filename>
		<filename>index.php</filename>
		<filename>template_thumbnail.png</filename>
	</files>
	<positions>
		<position>menu</position>
		<position>bottom-content-left</position>
		<position>bottom-content-right</position>
		<position>right</position>
		<position>right-images-left</position>
		<position>right-images-right</position>
		<position>name-social-icons-block</position>
		<position>twitter</position>
		<position>rss</position>
		<position>ff</position>
		<position>flickr</position>
		<position>tumblr</position>
		<position>copyright</position>
	</positions>
</install>
