<?xml version="1.0" encoding="utf-8"?>
<install version="1.5" type="plugin" group="joomgallery" method="upgrade">
  <name>JoomGallery - Display Kunena Name</name>
  <author>Patrick Alt (Chraneco)</author>
  <creationDate>26.08.2011</creationDate>
  <copyright>Copyright (C) 2005 - 2011 Open Source Matters. All rights reserved.</copyright>
  <license>http://www.gnu.org/licenses/gpl-2.0.html GNU/GPL</license>
  <authorEmail>chraneco@joomgallery.net</authorEmail>
  <authorUrl>www.joomgallery.net</authorUrl>
  <version>1.5</version>
  <description>Links user names in JoomGallery to their Kunena profile</description>
  <files>
    <filename plugin="joomdisplaykunenaname">joomdisplaykunenaname.php</filename>
  </files>
  <languages folder="language">
    <language tag="en-GB">en-GB.plg_joomgallery_joomdisplaykunenaname.ini</language>
    <language tag="de-DE">de-DE.plg_joomgallery_joomdisplaykunenaname.ini</language>
  </languages>
  <params>
    <param name="Itemid" type="text" default="" label="PLG_JOOMDISPLAYKUNENANAME_FIELD_ITEMID_LABEL" description="PLG_JOOMDISPLAYKUNENANAME_FIELD_ITEMID_DESC" />
    <param name="replace_smileys" type="radio" default="0" label="PLG_JOOMDISPLAYKUNENANAME_FIELD_REPLACE_SMILEYS_LABEL" description="PLG_JOOMDISPLAYKUNENANAME_FIELD_REPLACE_SMILEYS_DESC">
      <option value="0">NO</option>
      <option value="1">YES</option>
    </param>
  </params>
</install>