<?xml version="1.0" encoding="utf-8"?>
<install version="1.5" type="template" method="upgrade">
	<name>Creative studio</name>
	<creationDate>16 Nov 2011</creationDate>
	<author>Fastw3b - We develop while you are thinking</author>
	<copyright>Copyright (C) 2011 Fastweb. All rights reserved.</copyright>
	<authorEmail>templates@fastw3b.net</authorEmail>
	<authorUrl>http://www.fastw3b.net</authorUrl>
	<license>http://www.gnu.org/copyleft/gpl.html GNU/GPL</license>
	<version>1.0.1</version>
	<description><![CDATA[
	<p><img style="border: 0px none; margin: 2px 2px 6px 2px; float: left;" alt="creative" src="../templates/creativestudio/images/creative.png" width="188" height="248" /></p>
	
<p>&nbsp; </p>
<p><strong>FW Real Estate Light Grey Template</strong> has been installed successfully on your website.</p>
<p>Thank you for your choice! We hope that you will enjoy Fastw3b extensions!</p>
<p>&nbsp; </p>
<p>FW Real Estate Light Grey Template is a new template designed specially for FW Real Estate Pro. It is designed in a soft grey colour and has 10 module positions.</p>
<p>&nbsp; </p>
<p><strong>What to do next?</strong></p>
<p>1. Go to Extensions &gt;&gt; Template Manager</p>
<p>2. Select FW Real Estate Light Grey Template &gt;&gt; Default</p>
<p>&nbsp; </p>
<p>&nbsp; </p>
<p><strong>Useful links:</strong></p>
<ul>
<li><a href="http://fastw3b.net/joomla-extensions/product/81-fw-real-estate-light-grey-template.html" target="_blank">Product homepage &gt;&gt;</a></li>
<li>FW Real Estate <a href="http://fastw3b.net/joomla-extensions/fw-real-estate.html" target="_blank">add-ons &gt;&gt;</a></li>
<li>Read <a href="http://fwrealestate.net/index.php?option=com_content&amp;view=category&amp;layout=blog&amp;id=8&amp;Itemid=117&amp;lang=en" target="_blank">FW Real Estate latest news &gt;&gt;</a></li>
<li>Follow us on <a href="http://twitter.com/#%21/Fastw3b" target="_blank">Twitter</a> or<a href="http://www.facebook.com/pages/Fastw3b/165610930146118" target="_blank"> Facebook &gt;&gt;</a></li>
<li>Have any questions? Feel free to <a href="http://fastw3b.net/contact-us.html" target="_blank">contact us &gt;&gt;</a></li>
<li>See other <a href="http://fastw3b.net/joomla-extensions/templates.html" target="_blank">FW templates &gt;&gt;</a></li>
</ul>
<p> </p>
<div>Developed by <a href="http://fastw3b.net/" target="_blank">Fastw3b</a></div>
<div>Copyright © 2007 - 2011 Fastw3b</div>
	]]></description>
	<files>
		<folder>css/</folder>
	
		<folder>images/</folder>
		<filename>favicon.ico</filename>
		<filename>index.php</filename>
		<filename>template_thumbnail.png</filename>
	</files>
	<positions>
		<position>menu</position>
		<position>right</position>
		<position>fronted-title</position>
		<position>fronted-our-projects</position>
		<position>fronted-clients</position>
		<position>fronted-location</position>
		<position>footer-menu</position>
		<position>name-social-icons-block</position>
		<position>blogger</position>
		<position>facebook</position>
		<position>rss</position>
		<position>twitter</position>
	</positions>
</install>
