<?xml version="1.0" encoding="utf-8"?>
<install type="component" version="1.6.0" method="upgrade">
    <name>swMenuFree</name>
    <version>6.6</version>
    <creationDate>26/08/2011</creationDate>
    <author>Sean White</author>
    <authorEmail>sean@swmenupro.com</authorEmail>
    <authorUrl>http://www.swmenupro.com</authorUrl>
    <copyright>This Component is Proprietry Software</copyright>
    <license></license>
    <description>Joomla DHTML Menu Component</description>

	 <installfile>install.swmenufree.php</installfile>
    <uninstallfile>uninstall.swmenufree.php</uninstallfile>


   
    <install>
	 
            <sql><file driver="mysql" charset="utf8">install/install.sql</file></sql>
      
    </install>
    <uninstall>
       
            <sql>DROP TABLE `#__swmenufree_config`</sql>
          
       
    </uninstall>
    
	   <administration>
	  <menu>swMenuFree</menu>



	  
 <files folder="admin">
			<filename>admin.swmenufree.class.php</filename>
            <filename>admin.swmenufree.html.php</filename>
            <filename>admin.swmenufree.php</filename>
			<filename>preview.php</filename>
			<filename>menu_systems.php</filename>
            <filename>readme.txt</filename>
           
            <filename>uninstall.swmenufree.php</filename>
			<filename>install.swmenufree.php</filename>
            <folder>ImageManager</folder>
			<folder>install</folder>
			<folder>css</folder>        
            <folder>images</folder>
            <folder>js</folder>
			
           
			<folder>language</folder>
            
			
       </files>
      

       
       
    </administration>


</install>