<?xml version="1.0" encoding="UTF-8"?>
<install version="1.5" type="plugin" group="system">
	<name>Joomfish - Abstraction Layer</name>
	<license>http://www.gnu.org/licenses/gpl-2.0.html GNU/GPL</license>
	<author>Joom!Fish Project</author>
	<authorEmail>support@joomfish.net</authorEmail>
	<authorUrl>http://www.joomfish.net</authorUrl>
	<creationDate>2010-11-23</creationDate>
	<copyright>Copyright (C) 2003 - 2011, Think Network GmbH, Munich. All rights reserved.</copyright>
	<version>2.1.7</version>
	<description>When activated this bot ensures that your system is automatically translating all database queries.</description>
	<files>
		<filename plugin="jfdatabase">jfdatabase.php</filename>
		<filename>jfdatabase/intercept.jdatabasemysql.php</filename>
		<filename>jfdatabase/intercept.jdatabasemysqli.php</filename>
		<filename>jfdatabase/jfdatabase_inherit.php</filename>
	</files>	
	<languages folder="">
		<language tag="en-GB">en-GB.plg_system_jfdatabase.ini</language>
   	</languages>	
	<params>
	</params>
</install>
