<?xml version="1.0" encoding="utf-8"?>
<!-- $HeadURL: https://joomgallery.org/svn/joomgallery/JG-2.0/LF/trunk/vi-vn.com_joomgallery/install.xml $  -->
<!-- $Id: install.xml 3674 2012-03-04 13:34:00Z mab $  -->
<extension version="1.7" type="file" client="both" method="upgrade">
    <tag>vi-VN</tag>
    <name>JoomGallery vi-VN</name>
    <version>2.0</version>
    <creationDate>2012-03-04</creationDate>
    <author>JoomGallery::ProjectTeam</author>
    <authorEmail>team@joomgallery.net</authorEmail>
    <authorUrl>http://www.joomgallery.net/</authorUrl>
    <copyright>Copyright (C) 2008 - 2012 JoomGallery::ProjectTeam. All rights reserved.</copyright>
    <license>GNU General Public License</license>
    <description><![CDATA[
    <div align="center">
      <table border="0" width="90%">
        <tr>
          <td width="100%" colspan="2">
            <div align="center">
              <h3>Vietnamese Translation for JoomGallery 2.0</h3>
              <br /><strong>by: <a href="https://www.transifex.net/projects/p/joomgallery/language/vi_VN/" target="_blank">JoomGallery::TranslationTeam::Vietnamese</a></strong>
              <br />(based on a translation by: Viet Dũng)
            </div>
            <hr />
          </td>
        </tr>
        <tr>
          <td width="22%"><u><strong>Translated areas:</strong></u></td>
          <td width="80%">Website (Frontend) excl. EXIF- and IPTC-Tags</td>
        </tr>
        <tr>
          <td width="22%"><u><strong>Translation version:</strong></u></td>
          <td width="80%">2.0</td>
        </tr>
        <td width="100%" colspan="2"><hr /></td>
        <tr>
          <td width="22%"><u><strong>JoomGallery-Website:</strong></u></td>
          <td width="80%"><a href="http://www.en.joomgallery.net" target="_blank">http://www.en.joomgallery.net</a></td>
        </tr>
        </tr>
        <td width="100%" colspan="2"><hr /></td>
        <tr>
      </table>
    </div>]]></description>
    <fileset>
      <files folder="site" target="language/vi-VN">
        <filename>vi-VN.com_joomgallery.exif.ini</filename>
        <filename>vi-VN.com_joomgallery.ini</filename>
        <filename>vi-VN.com_joomgallery.iptc.ini</filename>
      </files>
      <files folder="admin" target="administrator/language/vi-VN">
        <filename>vi-VN.com_joomgallery.ini</filename>
        <filename>vi-VN.com_joomgallery.sys.ini</filename>
      </files>
    </fileset>
</extension>
