<?xml version="1.0" encoding="utf-8"?>
<install type="module" version="1.5" method="upgrade">
  <name>JoomJComments</name>
  <author>JoomGallery::Project Team</author>
  <creationDate>2010/01/25</creationDate>
  <copyright>This module is released under the GNU/GPL License</copyright>
  <authorEmail>team@joomgallery.net</authorEmail>
  <authorUrl>www.joomgallery.net</authorUrl>
  <version>1.5 BETA3</version>
  <description>JoomJComments</description>
  <files>
    <filename module="mod_joomjcom">mod_joomjcom.php</filename>
    <filename>index.html</filename>
  </files>
</install>