<?xml version="1.0" encoding="utf-8"?>
<extension version="1.7" type="plugin" group="user" method="upgrade">
  <name>PLG_JOOMAUTOCAT</name>
  <author>Patrick (aka Chraneco)</author>
  <creationDate>12.04.2012</creationDate>
  <copyright>Copyright (C) 2009 - 2012 Open Source Matters. All rights reserved.</copyright>
  <license>http://www.gnu.org/licenses/gpl-2.0.html GNU/GPL</license>
  <authorEmail>chraneco@joomgallery.net</authorEmail>
  <authorUrl>www.joomgallery.net</authorUrl>
  <version>2.0</version>
  <description>PLG_JOOMAUTOCAT_DESC</description>
  <files>
    <filename plugin="joomautocat">joomautocat.php</filename>
  </files>
  <languages folder="language">
    <language tag="en-GB">en-GB/en-GB.plg_user_joomautocat.ini</language>
    <language tag="en-GB">en-GB/en-GB.plg_user_joomautocat.sys.ini</language>
    <language tag="de-DE">de-DE/de-DE.plg_user_joomautocat.ini</language>
    <language tag="de-DE">de-DE/de-DE.plg_user_joomautocat.sys.ini</language>
  </languages>
  <config>
    <fields name="params">
      <fieldset name="basic">
        <field name="parent" type="text" default="" label="PLG_JOOMAUTOCAT_FIELD_PARENT" description="PLG_JOOMAUTOCAT_FIELD_PARENT_DESCRIPTION" />
        <field name="published" type="radio" default="1" label="PLG_JOOMAUTOCAT_FIELD_PUBLISHED" description="PLG_JOOMAUTOCAT_FIELD_PUBLISHED_DESCRIPTION">
          <option value="0">JNO</option>
          <option value="1">JYES</option>
        </field>
        <field name="access" type="accesslevel" default="1" label="PLG_JOOMAUTOCAT_FIELD_ACCESS" description="PLG_JOOMAUTOCAT_FIELD_ACCESS_DESCRIPTION" />
        <field name="onlogin" type="radio" default="1" label="PLG_JOOMAUTOCAT_FIELD_ONLOGIN" description="PLG_JOOMAUTOCAT_FIELD_ONLOGIN_DESCRIPTION">
          <option value="0">JNO</option>
          <option value="1">JYES</option>
        </field>
        <field name="categoryname" type="list" default="0" label="PLG_JOOMAUTOCAT_FIELD_CATEGORYNAME" description="PLG_JOOMAUTOCAT_FIELD_CATEGORYNAME_DESCRIPTION">
          <option value="0">PLG_JOOMAUTOCAT_FIELD_CATEGORYNAME_LIKE_IN_JOOMGALLERY</option>
          <option value="1">PLG_JOOMAUTOCAT_FIELD_CATEGORYNAME_NAME</option>
          <option value="2">PLG_JOOMAUTOCAT_FIELD_CATEGORYNAME_USERNAME</option>
        </field>
      </fieldset>
    </fields>
  </config>
  <updateservers>
    <server type="collection" priority="1" name="JoomGallery Update Service">http://www.en.joomgallery.net/components/com_newversion/xml/extensions2.xml</server>
  </updateservers>
</extension>