<?xml version="1.0" encoding="utf-8"?>
<install version="1.5" type="plugin" group="joomgallery" method="upgrade">
  <name>JoomGallery - Smileys</name>
  <author>JoomGallery::ProjectTeam</author>
  <creationDate>24.08.2011</creationDate>
  <copyright>Copyright (C) 2005 - 2011 Open Source Matters. All rights reserved.</copyright>
  <license>http://www.gnu.org/licenses/gpl-2.0.html GNU/GPL</license>
  <authorEmail>team@joomgallery.net</authorEmail>
  <authorUrl>www.joomgallery.net</authorUrl>
  <version>1.5</version>
  <description>This plugin is able to replace the default smileys of JoomGallery with custom ones or add new smileys to the existing ones</description>
  <files>
    <filename plugin="joomsmileys">joomsmileys.php</filename>
  </files>
  <languages folder="language">
    <language tag="en-GB">en-GB.plg_joomgallery_joomsmileys.ini</language>
    <language tag="de-DE">de-DE.plg_joomgallery_joomsmileys.ini</language>
  </languages>
	<params>
    <param name="disable_default_smileys" type="radio" default="0" label="JDS_DISABLE_DEFAULT_SMILEYS" description="JDS_DISABLE_DEFAULT_SMILEYS_DESCRIPTION">
			<option value="0">No</option>
			<option value="1">YES</option>
		</param>
    <param name="url" type="text" size="53" default="components/com_joomgallery/assets/images/smilies/" label="JDS_URL" description="JDS_URL_DESCRIPTION" />
    <param name="codes" type="textarea" rows="16" cols="30" default="" label="JDS_CODES" description="JDS_CODES_DESCRIPTION" />
  </params>
</install>