<?xml version="1.0" encoding="iso-8859-1"?><extension 	type="module" 	version="2.5" 	client="site"	method="upgrade">	<name>Photopro Portfolio flash module </name>	<author>Smallirons.net</author>	<creationDate>January 2012, 25</creationDate>	<copyright>All rights reserved by Smallirons 2012</copyright>	<license>license GNU/GPLv3 http://www.gnu.org/licenses/gpl-3.0.html</license>	<authorEmail>smallirons@gmail.com</authorEmail>	<authorUrl>www.smallirons.net</authorUrl>	<version>1.0</version>	<description>		<![CDATA[		<h3 style="color:#008000">The Photopro Porfolio multiGallery module</h3>The Photopro Portfolio multiGallery Flash<br><br><b style="color:#FF6600">Features:</b><ol><li>Scroll all images from  folders (max 3) indicated </li></ol><br><br><b style="color:#FF6600">Requirements:</b><br> <ol><li>Joomla! 2.5.x site.</li></ol>		]]>	</description>    <!-- Listing of all files that should be installed for the module to function -->    <files>        <!-- The "module" attribute signifies that this is the main controller file -->		<filename module="mod_photopro_portfolio">mod_photopro_portfolio.php</filename>		<filename>index.html</filename>		<filename>noimage_functions.php</filename>		<filename>photopro_portfolio.html</filename>		<filename>main.swf</filename>		<filename>AC_RunActiveContent.js</filename>		<folder>data/</folder>		<folder>music/</folder>			<folder>gallery/</folder>	</files>	<config> 		<fields 			name="params" 			addfieldpath="/modules/mod_imagescroller/elements">			<fieldset 				name="basic">				<field 					name="bannerWidth" 					type="text" 					default="100%"					label="Gallery object width (px or %)" 					description="Gallery object width in px or % " 				/>				<field 					name="bannerHeight" 					type="text" 					default="450"					label="Gallery object height (px)" 					description="Montage object height (px) only a number must be indicated " 				/>				<field 					name="source_settings" 					type="japaramhelper" 					default=""					level="2" 					function="@title" 					label="RESOURCE_SETTINGS" 					description="RESOURCE_SETTINGS_DESC" />								<field 					name="pagetitle" 					type="textarea"					cols="60"					rows="1"					default="PHOTOPRO" 					label="Page Title" 					description="Page title portfolio " 				/>				<field 					name="pageid" 					type="textarea"					cols="60"					rows="1"					default="PP" 					label="Page Id" 					description="Page Id Portfoliotitle portfolio " 				/>								<field 					name="pageslogan" 					type="textarea"					cols="60"					rows="1"					default="professional photograper" 					label="Page Slogan" 					description="Page slogan portfolio " 				/>								<field 					name="pagecopyright" 					type="textarea"					cols="60"					rows="1"					default="" 					label="Page copyright " 					description="Page copyright portfolio " 				/>								<field 					name="pagecopyright" 					type="textarea"					cols="60"					rows="1"					default="" 					label="Page copyright " 					description="Page copyright portfolio " 				/>								<field 					name="firstgallery" 					type="textarea"					cols="60"					rows="1"					default="Lake" 					label="First Gallery Name" 					description="First Gallery " 				/>				<field 					name="firstimgdir" 					type="textarea"					cols="60"					rows="1"					default="modules/mod_photopro_portfolio/gallery/Lake" 					label="First Image Directory" 					description="First Image folder " 				/>				<field 					name="first_show_desc" 					type="radio" 					default="yes"					label="First gallery Show Description" 					description="Show/Hide Description." >							<option value="yes">yes</option>							<option value="no">no</option>											</field>				<field 					name="first_imgdsc" 					type="textarea"					cols="60"					rows="10"					default="Description one|Description two|Description three|Description four|Description five|Images from InterfaceLift.com" 					label="First gallery Image description" 					description="List of images description, separated by |" 				/>								<field 					name="secondgallery" 					type="textarea"					cols="60"					rows="1"					default="Bridges" 					label="Second Gallery Name" 					description="Second Gallery " 				/>				<field 					name="secondimgdir" 					type="textarea"					cols="60"					rows="1"					default="modules/mod_photopro_portfolio/gallery/Bridges" 					label="Second Image Directory" 					description="Second Image folder " 				/>				<field 					name="second_show_desc" 					type="radio" 					default="yes"					label="Second gallery Show Description" 					description="Show/Hide Description." >							<option value="yes">yes</option>							<option value="no">no</option>											</field>				<field 					name="Second_imgdsc" 					type="textarea"					cols="60"					rows="10"					default="Second gallery, Description one|Description two|Description three|Description four|Description five|Images from InterfaceLift.com" 					label="First gallery Image description" 					description="List of images description, separated by |" 				/>												<field 					name="thirdgallery" 					type="textarea"					cols="60"					rows="1"					default="" 					label="Third Gallery Name" 					description="Third Gallery " 				/>				<field 					name="thirdimgdir" 					type="textarea"					cols="60"					rows="1"					default="" 					label="Third Image Directory" 					description="Third Image folder " 				/>				<field 					name="third_show_desc" 					type="radio" 					default="yes"					label="Third gallery Show Description" 					description="Show/Hide Description." >							<option value="yes">yes</option>							<option value="no">no</option>											</field>				<field 					name="third_imgdsc" 					type="textarea"					cols="60"					rows="10"					default="" 					label="Third gallery Image description" 					description="List of images description, separated by |" 				/>				<field 					name="musicdir" 					type="textarea"					cols="60"					rows="1"					default="modules/mod_photopro_portfolio/music" 					label="Music Mp3 folder" 					description="Music Mp3 folder " 				/>												<field 					name="autostart_music" 					type="radio" 					default="yes"					label="Auto start music" 					description="Auto start music" >							<option value="yes">yes</option>							<option value="no">no</option>											</field>								<field 					name="loop_music" 					type="radio" 					default="yes"					label="Loop music" 					description="Repeat current song" >							<option value="yes">yes</option>							<option value="no">no</option>											</field>				<field 					name="artist_desc" 					type="textarea"					cols="60"					rows="10"					default="First artist|Second artist|Big Joe " 					label="Artist name" 					description="List of Artist name separated by |" 				/>				<field 					name="song_desc" 					type="textarea"					cols="60"					rows="10"					default="First song|Second song|Big Joe song " 					label="Artist name" 					description="List of songs name separated by |" 				/>												</fieldset>			<fieldset name="advanced">				<field 					name="moduleclass_sfx" 					type="text" 					default="" 					label="Module Class Suffix"					description="PARAMMODULECLASSSUFFIX"/>			</fieldset>		        </fields></config>			<!-- ImageScroller Parameters --></extension>