<?xml version="1.0" encoding="utf-8"?>
<extension version="1.6" type="component" method="upgrade" client="site">
	<name>Version Verification Tool</name>
	<version>2.0.1</version>
	<creationDate>2012/01/04</creationDate>
	<author>SourceCoast | www.sourcecoast.com</author>
	<authorEmail>support@sourcecoast.com</authorEmail>
	<authorUrl>http://www.sourcecoast.com</authorUrl>
	<copyright>Copyright (C) 2010-2012 SourceCoast. All rights reserved.</copyright>
	<license>http://www.gnu.org/licenses/gpl-2.0.html GNU/GPL</license>
	<description>A component that will compare all the files in a Joomla installation against the md5 values of all versions of Joomla 1.7.x or 1.6.x.</description>
	<administration>
		<menu img="components/com_versionverificationtool/assets/images/vvt_icon.png">COM_VERSIONVERIFICATIONTOOL</menu>
		<submenu>
			<menu view="home" alt="COM_VERSIONVERIFICATIONTOOL_VVT">COM_VERSIONVERIFICATIONTOOL_MENU_HOME</menu>
		</submenu>
		<files folder="admin">
			<file>admin.versionverificationtool.php</file>
			<file>config.xml</file>
			<file>controller.php</file>
			<file>index.html</file>
			<file>toolbar.versionverificationtool.html.php</file>
			<file>toolbar.versionverificationtool.php</file>
			<file>assets/index.html</file>
            <file>assets/sourcecoast.php</file>
			<file>assets/footer/index.html</file>
			<file>assets/footer/footer.php</file>
			<file>assets/footer/SourceCoast_Logo.png</file>
            <file>assets/images/vvt.png</file>
            <file>assets/images/vvt_icon.png</file>
            <file>assets/images/vvt_icon48.png</file>
			<file>helpers/helper.php</file>
			<file>helpers/index.html</file>
			<file>views/index.html</file>
			<file>views/home/index.html</file>
			<file>views/home/view.html.php</file>
			<file>views/home/tmpl/default.php</file>
			<file>views/home/tmpl/index.html</file>
            <file>xml/1_7/1.6.1.xml</file>
            <file>xml/1_7/1.6.2.xml</file>
            <file>xml/1_7/1.6.3.xml</file>
            <file>xml/1_7/1.6.4.xml</file>
            <file>xml/1_7/1.6.5.xml</file>
            <file>xml/1_7/1.6.6.xml</file>
			<file>xml/1_7/1.7.0.xml</file>
            <file>xml/1_7/1.7.1.xml</file>
            <file>xml/1_7/1.7.2.xml</file>
            <file>xml/1_7/1.7.3.xml</file>
		</files>
        <languages folder="translations/backend">
            <language tag="en-GB">en-GB.com_versionverificationtool.sys.ini</language>
            <language tag="en-GB">en-GB.com_versionverificationtool.ini</language>
        </languages>
	</administration>
    <config>
        <fields name="params">
            <fieldset name="basic" label="COM_VERSIONVERIFICATIONTOOL_CONFIG_BASIC_SETTINGS_LABEL">
                <field name="findversion" type="list" default="0" label="Find Version" description="If this is set to Yes, any modified files will be checked against all versions to try to find a match.  This will cause the check to take longer and use more memory.">
                    <option value="0">No</option>
                    <option value="1">Yes</option>
                </field>
                <field name="ignoreregex" type="text" default="/^installation\/.*/" label="Ignore Regular Expression" description="This regular expression will be used to determine which files should be ignored.  Since the installation directory is deleted after the Joomla site is configured, it will typically be missing on most sites, so we ignore it." />
                <field name="memory_limit" type="text" default="256M" label="Memory Limit" description="The component will try to set the memory_limit to this value if Find Version is set to Yes (default: 256M)." />
                <field name="max_execution_time" type="text" default="300" label="Max Execution Time" description="The component will try to set the max_execution_time to this value if Find Version is set to Yes (default: 300)." />
            </fieldset>
        </fields>
    </config>
</extension>
