<?xml version="1.0" encoding="utf-8"?>
<config>
	<params>
		<param name="downloads_root_folder_manage" type="text" size="50" default="rokdownloads" label="FOLDER.ROOTDOWNLOAD" description="TIP.FOLDER.ROOTDOWNLOAD"/>
		<param name="thumbnail_folder" type="text" size="50" default="images/rokdownload_thumbs/" label="FOLDER.THUMBS" description="TIP.FOLDER.THUMBS"/>
		<param name="default_folder_thumb" type="text" size="50" label="LABEL.DEFAULT_FOLDER_ICON" description="TIP.DEFAULT_FOLDER_ICON" default="folder.png"/>
		<param name="default_file_thumb" type="text" size="50" label="LABEL.DEFAULT_FILE_ICON" description="TIP.DEFAULT_FILE_ICON" default="file.png"/>
		<param name="use_java_uploader" type="radio" default="1" label="LABEL.USE_JAVA_UPLOADER" description="DESC.USE_JAVA_UPLOADER">
				<option value="0">LABEL.JOOMLA_UPLOADER</option>
				<option value="1">LABEL.JAVA_UPLOADER</option>
			</param>
	</params>
</config>