<?xml version="1.0" encoding="utf-8"?>
<!DOCTYPE install SYSTEM "http://dev.joomla.org/xml/1.5/component-install.dtd">
<install type="component" version="1.5.0">
	<name>RokDownloads</name>
	<!-- The following elements are optional and free of formatting conttraints -->
	<creationDate>@ROKDOWNLOADS_BUILD_DATE@</creationDate>
	<author>@ROKDOWNLOADS_AUTHOR@</author>
	<authorEmail>@ROKDOWNLOADS_EMAIL@</authorEmail>
	<authorUrl>@ROKDOWNLOADS_URL@</authorUrl>
	<copyright>@ROKDOWNLOADS_COPYRIGHT@</copyright>
	<license>@ROKDOWNLOADS_LICENSE@</license>
	<!--  The version string is recorded in the components table -->
	<version>@ROKDOWNLOADS_VERSION@</version>
	<!-- The description is optional and defaults to the name -->
	<description>
		A file downloads management component.
	</description>

	<!-- Install Database Section -->
	<!--
	<install>
		<sql>
			<file charset="utf8" driver="mysql">install/install.mysql.utf8.sql</file>
		</sql>
	</install>

	-->
	<!-- Uninstall Database Section -->
	<!--
	<uninstall>
		<sql>
			<file charset="utf8" driver="mysql">install/uninstall.mysql.utf8.sql</file>
		</sql>
	</uninstall>

	-->
	<!-- Site Main Language File Copy Section -->
	<languages folder="site/language/en-GB">
		<language tag="en-GB">en-GB.com_rokdownloads.ini</language>
		<language tag="en-GB">en-GB.mod_rokdownloads_latest.ini</language>
		<language tag="en-GB">en-GB.mod_rokdownloads_most_downloaded.ini</language>
		<language tag="en-GB">en-GB.mod_rokdownloads_recent_updates.ini</language>
		<language tag="en-GB">en-GB.plg_search_rokdownloads.ini</language>
	</languages>
	
	
	<!-- Site Main File Copy Section -->
	<files folder="site/component">
		<filename>controller.php</filename>
		<filename>index.html</filename>
		<filename>metadata.xml</filename>
		<filename>rokdownloads.php</filename>
		<filename>router.php</filename>
		<folder>controllers</folder>
		<folder>images</folder>
		<folder>models</folder>
		<folder>views</folder>
		<folder>css</folder>
	</files>
	
	<media folder="site/images/rokdownload_thumbs" destination="../images/rokdownload_thumbs">
        <filename>avi.png</filename>
		<filename>doc.png</filename>
		<filename>file.png</filename>
		<filename>folder.png</filename>
		<filename>index.html</filename>
		<filename>jpg.png</filename>
		<filename>mov.png</filename>
		<filename>mp3.png</filename>
		<filename>mp4.png</filename>
		<filename>odc.png</filename>
		<filename>odd.png</filename>
		<filename>odt.png</filename>
		<filename>ogg.png</filename>
		<filename>pdf.png</filename>
		<filename>png.png</filename>
		<filename>ppt.png</filename>
		<filename>psd.png</filename>
		<filename>rar.png</filename>
		<filename>rtf.png</filename>
		<filename>svg.png</filename>
		<filename>sxd.png</filename>
		<filename>tar.png</filename>
		<filename>tgz.png</filename>
		<filename>wma.png</filename>
		<filename>wmv.png</filename>
		<filename>xls.png</filename>
		<filename>zip.png</filename>
    </media>

	<administration>
		<!-- Administration Menu Section -->
		<menu controller="rokdownloads" img="components/com_rokdownloads/assets/images/icon-16-rokdownload.png">RokDownloads</menu>
		<submenu>
			<menu controller="rokdownloads" img="article.png">Manager</menu>
			<menu controller="config" img="js/ThemeOffice/config.png">Configuration</menu>
		</submenu>

		<!-- Administration Main File Copy Section -->
		<!-- Note the folder attribute: This attribute describes the folder
			to copy FROM in the package to install therefore files copied
			in this section are copied from /admin/ in the package -->
		<files folder="admin/component">
			<filename>admin.rokdownloads.php</filename>
			<filename>install.mysql.utf8.sql</filename>
			<filename>custom_params.xml</filename>
			<filename>admin_config.xml</filename>
			<filename>controller.php</filename>
			<filename>index.html</filename>
			<folder>assets</folder>
			<folder>controllers</folder>
			<folder>models</folder>
			<folder>views</folder>
			<folder>tables</folder>
			<folder>libs</folder>
			<folder>install</folder>
		</files>

		
	    
		<!-- Administration Language File Copy Section -->
		<languages folder="admin/language/en-GB">
			<language tag="en-GB">en-GB.com_rokdownloads.ini</language>
			<language tag="en-GB">en-GB.plg_search_rokdownloads.ini</language>
		</languages>

	</administration>
	
	<installfile>install/install.rokdownloads.php</installfile>
	<uninstallfile>install/uninstall.rokdownloads.php</uninstallfile>
	
	<mod_rokdownloads_latest>
		<files folder="site/modules/mod_rokdownloads_latest">
			<file>index.html</file>
			<file module="mod_rokdownloads_latest">mod_rokdownloads_latest.php</file>
			<file>mod_rokdownloads_latest.xml</file>
			<file>helper.php</file>
			<folder>tmpl</folder>
		</files>
	</mod_rokdownloads_latest>
	<mod_rokdownloads_most_downloaded>
		<files folder="site/modules/mod_rokdownloads_most_downloaded">
			<file>index.html</file>
			<file module="mod_rokdownloads_most_downloaded">mod_rokdownloads_most_downloaded.php</file>
			<file>mod_rokdownloads_most_downloaded.xml</file>
			<file>helper.php</file>
			<folder>tmpl</folder>
		</files>
	</mod_rokdownloads_most_downloaded>
	<mod_rokdownloads_recent_updates>
		<files folder="site/modules/mod_rokdownloads_recent_updates">
			<file>index.html</file>
			<file module="mod_rokdownloads_recent_updates">mod_rokdownloads_recent_updates.php</file>
			<file>mod_rokdownloads_recent_updates.xml</file>
			<file>helper.php</file>
			<folder>tmpl</folder>
		</files>
	</mod_rokdownloads_recent_updates>
	<plg_search_rokdownloads>
		<files folder="site/plugins/search">
			<file plugin="rokdownloads">rokdownloads.php</file>
			<file>rokdownloads.xml</file>
		</files>
	</plg_search_rokdownloads>
	<plg_content_rokdownload>
		<files folder="site/plugins/content">
			<file plugin="rokdownload">rokdownload.php</file>
			<file>rokdownload.xml</file>
			<folder>rokdownload</folder>
		</files>
	</plg_content_rokdownload>
	<plg_button_rokdownload>
		<files folder="site/plugins/editors-xtd">
			<file plugin="rokdownload">rokdownload.php</file>
			<file>rokdownload.xml</file>
		</files>
	</plg_button_rokdownload>
</install>