<?xml version="1.0" encoding="UTF-8"?>
<extension type="component" version="1.7">
	<name>ChangeAdmin</name>
	<creationDate>November 2011</creationDate>
	<author>Riibamar FS</author>
	<authorEmail>ribafs@ribafs.org</authorEmail>
	<authorUrl>http://ribafs.org</authorUrl>
	<copyright>Copyright (C) 2010 Ribamar FS. All rights reserved.</copyright>
	<license>http://www.gnu.org/licenses/gpl-2.0.html GNU/GPL</license>
	<version>1.1</version>
	<description>
		Change the directory administrator in parameter. Created by Ribamar FS.
	</description>
	<filename>readme.txt</filename>
	<filename>index.html</filename>
	<administration>
		<menu img="components/com_changeadmin/com_caicon.png">ChangeAdmin</menu>
		<files folder="admin">
			<filename>index.html</filename>
			<filename>help.html</filename>
			<filename>changeadmin.php</filename>
			<filename>changeadmin.html.php</filename>
			<filename>com_caicon.png</filename>
		</files>
	</administration>
</extension>
