<?xml version="1.0" encoding="utf-8"?>
<install type="module" version="1.5" method="upgrade">
  <name>JoomSearch for JoomGallery</name>
  <author>JoomGallery::Project Team</author>
  <creationDate>17.4.2011</creationDate>
  <copyright>This module is released under the GNU/GPL License</copyright>
  <authorEmail>team@joomgallery.net</authorEmail>
  <authorUrl>www.joomgallery.net</authorUrl>
  <version>1.5.7</version>
  <description>JoomSearch</description>
  <files>
    <filename module="mod_joomsearch">mod_joomsearch.php</filename>
    <filename>helper.php</filename>
    <filename>index.html</filename>
    <filename>assets/mod_joomsearch.js</filename>
    <filename>assets/mod_joomsearch12.js</filename>
    <filename>assets/search.gif</filename> 
    <filename>assets/spinner.gif</filename>      
    <filename>assets/index.html</filename>
    <filename>tmpl/default.php</filename>
    <filename>tmpl/index.html</filename>
  </files>
  <languages>
    <language tag="de-DE">languages/de-DE/de-DE.mod_joomsearch.ini</language>
    <language tag="en-GB">languages/en-GB/en-GB.mod_joomsearch.ini</language>
  </languages>
  <params>
    <param description="" label="" default="JSGROUPCOMMON" type="spacer" name="@spacer" />
    <param name="moduleclass_sfx" type="text" default="" label="Module Class Suffix" description="JSIDENTIFY" />
    <param name="itemid" type="text" default="" label="JSITEMID" description="JSITEMIDDESC" />
    <param name="ajaxsearch" type="radio" default="1" label="JSAJAXSEARCH" description="JSAJAXSEARCHDESC">
      <option value="0">JSNO</option>
      <option value="1">JSYES</option>
    </param>
    <param name="defcatid" type="text" default="" label="JSDEFCATID" description="JSDEFCATIDDESC" />
    <param name="defsubcats" type="radio" default="1" label="JSDEFSUBCATID" description="JSDEFSUBCATIDDESC">
      <option value="0">JSNO</option>
      <option value="1">JSYES</option>
    </param>
    <param name="syncjoom" type="radio" default="0" label="JSDEFSYNCJOOM" description="JSDEFSYNCJOOMDESC">
      <option value="0">JSNO</option>
      <option value="1">JSYES</option>
    </param>
    <param name="limit" type="text" default="10" label="JSLIMIT" description="JSLIMITDESC" />
    <!-- search for categories or pictures or both -->
    <param name="defcatorimg" type="list" default="0" label="JSDEFCATORIMG" description="JSDEFCATORIMGDESC">
      <option value="0">JSCAT</option>
      <option value="1">JSPIC</option>
    </param>                 
    <param name="defsearchimgdescr" type="radio" default="1" label="JSSEARCHDESCRIMG" description="JSSEARCHDESCRIMGDESC">
      <option value="0">JSNO</option>
      <option value="1">JSYES</option>
    </param>
    <param name="defsearchcomments" type="radio" default="0" label="JSSEARCHCOMM" description="JSSEARCHCOMMDESC">
      <option value="0">JSNO</option>
      <option value="1">JSYES</option>
    </param>
    <param name="defsearchauthors" type="radio" default="0" label="JSSEARCHAUTH" description="JSSEARCHAUTHDESC">
      <option value="0">JSNO</option>
      <option value="1">JSYES</option>
    </param>
    <param name="defsearchcatdescr" type="radio" default="0" label="JSSEARCHDESCCAT" description="JSSEARCHDESCCATDESC">
      <option value="0">JSNO</option>
      <option value="1">JSYES</option>
    </param>
    <param description="" label="" default="JSGUSRPANEL" type="spacer" name="@spacer" />
    <param name="showusrpanel" type="radio" default="1" label="JSSHOWUSRPANEL" description="JSSHOWUSRPANELDESC">
      <option value="0">JSNO</option>
      <option value="1">JSYES</option>
    </param>
    <param name="usrlimit" type="radio" default="0" label="JSSHOWUSRLIM" description="JSSHOWUSRLIMDESC">
      <option value="0">JSNO</option>
      <option value="1">JSYES</option>
    </param>
    <param name="usrcatorimg" type="radio" default="0" label="JSSHOWUSRCATORIMG" description="JSSHOWUSRCATORIMGDESC">
      <option value="0">JSNO</option>
      <option value="1">JSYES</option>
    </param>                 
    <param name="usrcatchoose" type="radio" default="0" label="JSSHOWUSRCAT" description="JSSHOWUSRCATDESC">
      <option value="0">JSNO</option>
      <option value="1">JSYES</option>
    </param>
    <param name="usrsearchimgdescr" type="radio" default="1" label="JSSEARCHDESCRIMG" description="JSSEARCHDESCRIMGDESC">
      <option value="0">JSNO</option>
      <option value="1">JSYES</option>
    </param>
    <param name="usrsearchcomments" type="radio" default="0" label="JSSEARCHCOMM" description="JSSEARCHCOMMDESC">
      <option value="0">JSNO</option>
      <option value="1">JSYES</option>
    </param>
    <param name="usrsearchauthors" type="radio" default="0" label="JSSEARCHAUTH" description="JSSEARCHAUTHDESC">
      <option value="0">JSNO</option>
      <option value="1">JSYES</option>
    </param>
    <param name="usrsearchcatdescr" type="radio" default="0" label="JSSEARCHDESCCAT" description="JSSEARCHDESCCATDESC">
      <option value="0">JSNO</option>
      <option value="1">JSYES</option>
    </param>
    <param description="" label="" default="JSLAYOUTSETTINGS" type="spacer" name="@spacer" />
    <param name="inputboxwidth" type="text" default="0" label="JSINPUTWIDTH" description="JSINPUTWIDTHDESC" />
    <param name="resultwidth" type="text" default="0" label="JSRESULTWIDTH" description="JSRESULTWIDTHDESC" />
    <param name="resultheight" type="text" default="0" label="JSRESULTHEIGHT" description="JSRESULTHEIGHTDESC" />
    <param name="srchbtnshow" type="radio" default="0" label="JSBUTTONSHOW" description="JSBUTTONSHOWDESC">
      <option value="0">JSNO</option>
      <option value="1">JSYES</option>
    </param>                 
    <param name="srchbtntext" type="text" default="" label="JSBUTTONTEXT" description="JSBUTTONTEXTDESC" />
    <param name="srchbtnimg" type="radio" default="0" label="JSBUTTONIMG" description="JSBUTTONIMGDESC">
      <option value="0">JSNO</option>
      <option value="1">JSYES</option>
    </param>                 
    <param name="srchbtnpos" type="list" default="0" label="JSBUTTONPOS" description="JSBUTTONPOSDESC">
      <option value="0">JSBTNRIGHT</option>
      <option value="1">JSBTNLEFT</option>
      <option value="2">JSBTNTOP</option>
      <option value="3">JSBTNBTM</option>
    </param>                 
  </params>
</install>
