<?xml version="1.0" encoding="utf-8"?>
<install type="module" version="1.5.0" method="upgrade">
  <name>JoomGallery Stats for JoomGallery MVC BETA</name>
  <author>JoomGallery::Project Team</author>
  <creationDate>22.8.2010</creationDate>
  <copyright>JoomGallery Team</copyright>
  <license>This module is released under the GNU/GPL License</license>
  <authorEmail>team@joomgallery.net</authorEmail>
  <authorUrl>www.joomgallery.net</authorUrl>
  <version>1.5.5</version>
  <description>JoomGalleryStats</description>
  <files>
    <filename module="mod_joomgallerystats">mod_joomgallerystats.php</filename>
    <filename>helper.php</filename>
    <filename>index.html</filename>
    <filename>tmpl/default.php</filename>
    <filename>tmpl/index.html</filename>
  </files>
  <languages>
   <language tag="en-GB">languages/en-GB/en-GB.mod_joomgallerystats.ini</language>
   <language tag="de-DE">languages/de-DE/de-DE.mod_joomgallerystats.ini</language>
  </languages>
  <params>
    <param name="moduleclass_sfx" type="text" label="Module Class Suffix" description="JGSTATSSUFFIX" />
    <param name="cache" type="radio" default="0" label="Enable Cache" description="JGSTATSCACHE">
      <option value="0">No</option>
      <option value="1">Yes</option>
    </param>
    <param type="spacer" />
     <param name="all_pics" type="radio" default="1" description="JGSTATSPICSDESC" label="JGSTATSPICSLBL">
      <option value="0">No</option>
      <option value="1">Yes</option>
    </param>
    <param name="all_picstext" type="text" description="JGSTATSLEADTXT" label="Text"/>
    <param type="spacer" />
    <param name="all_cats" type="radio" default="0" description="JGSTATSCATSDESC" label="JGSTATSCATSLBL">
      <option value="0">No</option>
      <option value="1">Yes</option>
    </param>
    <param name="all_catstext" type="text" description="JGSTATSLEADTXT" label="Text"/>
    <param type="spacer" />
    <param name="all_hits" type="radio" default="0" description="JGSTATSHITSDESC" label="JGSTATSHITSLBL">
      <option value="0">No</option>
      <option value="1">Yes</option>
    </param>
    <param name="all_hitstext" type="text" description="JGSTATSLEADTXT" label="Text"/>
    <param type="spacer" />
    <param name="all_comments" type="radio" default="0" description="JGSTATSCOMMENTSDESC" label="JGSTATSCOMMENTSLBL">
      <option value="0">No</option>
      <option value="1">Yes</option>
    </param>
    <param name="all_commentstext" type="text" description="JGSTATSLEADTXT" label="Text"/>
    <param type="spacer" />
    <param name="all_votes" type="radio" default="0" description="JGSTATSVOTESDESC" label="JGSTATSVOTESLBL">
      <option value="0">No</option>
      <option value="1">Yes</option>
    </param>
    <param name="all_votestext" type="text" description="JGSTATSLEADTXT" label="Text"/>
    <param type="spacer" />
    <param name="all_nametags" type="radio" default="0" description="JGSTATSNAMETAGSTDESC" label="JGSTATSNAMETAGSLBL">
      <option value="0">No</option>
      <option value="1">Yes</option>
    </param>
    <param name="all_nametagstext" type="text" description="JGSTATSLEADTXT" label="Text"/>
    <param type="spacer" />
    <param name="debug" type="radio" default="0" label="JGSTATSDEBUGLBL" description="JGSTATSDEBUGDESC">
      <option value="0">off</option>
      <option value="1">on</option>
    </param>
  </params>
</install>