<?xml version="1.0" encoding="utf-8"?>
<install version="1.5" type="plugin" group="joomgallery" method="upgrade">
	<name>JoomGallery - Integrate EasyCaptcha</name>
	<author>Patrick Alt (Chraneco)</author>
	<creationDate>07.04.2010</creationDate>
	<copyright>Copyright (C) 2005 - 2008 Open Source Matters. All rights reserved.</copyright>
	<license>http://www.gnu.org/licenses/gpl-2.0.html GNU/GPL</license>
	<authorEmail>chraneco@joomgallery.net</authorEmail>
	<authorUrl>www.joomgallery.net</authorUrl>
	<version>1.5 BETA</version>
	<description>Integrates EasyCaptcha in JoomGallery</description>
	<files>
		<filename plugin="joomeasycaptcha">joomeasycaptcha.php</filename>
	</files>
  <languages folder="language">
    <language tag="en-GB">en-GB.plg_joomgallery_joomeasycaptcha.ini</language>
    <language tag="de-DE">de-DE.plg_joomgallery_joomeasycaptcha.ini</language>
  </languages>
	<params>
		<param name="enabled_for" type="list" size="20" default="0" label="JEASYCAPTCHA_ENABLED_FOR" description="JEASYCAPTCHA_ENABLED_FOR_TIP">
			<option value="0">JEASYCAPTCHA_ENABLED_FOR_UNREGISTERED_ONLY</option>
			<option value="1">JEASYCAPTCHA_ENABLED_FOR_UNREGISTERED_AND_REGISTERED</option>
		</param>
  </params>
</install>