<?xml version="1.0" encoding="utf-8"?>
<!DOCTYPE install SYSTEM "http://dev.joomla.org/xml/1.5/component-install.dtd">
<install type="component" version="1.5.0" method="upgrade">
    <name>FW Gallery</name>
    <creationDate>7 March 2012</creationDate>
    <author>Fastw3b - We develop while you are thinking</author>
    <authorEmail>dev@fastw3b.net</authorEmail>
    <authorUrl>http://www.fastw3b.net</authorUrl>
    <copyright>Copyright (C) 2012 Fastw3b. All rights reserved.</copyright>
    <license>http://www.gnu.org/copyleft/gpl.html GNU/GPL</license>
    <version>1.6.1</version>
    <description><![CDATA[
<p><img style="vertical-align: top;" alt="thank-yu3" src="components/com_fwgallery/assets/images/thank-yu3.png" height="77" width="1020" /></p><p><img style="margin: 5px 20px 5px 5px; float: left;" alt="01_c_gallery_150" src="components/com_fwgallery/assets/images/01_c_gallery_150.png" height="171" width="130" /></p><p> </p><p>FW Gallery has been installed successfully on your website. Thank you for your choice!</p><p><strong>What to do next?</strong></p><ol><li>Go to Menus &gt;&gt; Main Menu &gt;&gt; click on New button</li><li>Assign FW Gallery menu items to your website menu</li><li>Go to FW Gallery &gt;&gt; Galleries to create your first photo gallery. </li></ol><p style="text-align: left;"></p><p> </p><p style="font-size: 14pt;"><strong>Improve your photo gallery with extra designs</strong></span></p><p> </p><p></p><div class="jce_caption" style="width: 199px; margin-right: 30px; display: inline-block;"><img alt="preview_gallery_01" src="components/com_fwgallery/assets/images/preview_gallery_01.png" height="148" width="199" /><div style="text-align: center; clear: both;"><a target="_blank" href="http://fwgallery.fastw3b.net/en/galleries.html"><span style="font-size: 8pt;">Demo &gt;&gt; </span></a></div><div style="text-align: center; clear: both;"><span style="font-size: 8pt;">Price: <strong>$4.99 </strong></span></div><div style="text-align: center; clear: both;"><a target="_blank" href="http://www.fastw3b.net/joomla-extensions/product/61-fw-gallery-light-plus-template.html"><span style="font-size: 8pt;">Buy now &gt;&gt;</span></a></div></div><div class="jce_caption" style="width: 206px; margin-right: 30px; display: inline-block;"><img alt="preview_image_video" src="components/com_fwgallery/assets/images/preview_image_video.png" height="150" width="206" /><div style="text-align: center; clear: both;"><a target="_blank" href="http://video.fwgallery.com/my-video-gallery.html"><span style="font-size: 8pt;">Demo &gt;&gt; </span></a></div><div style="text-align: center; clear: both;"><span style="font-size: 8pt;">Price: <strong>$8.99</strong></span></div><div style="text-align: center; clear: both;"><a target="_blank" href="http://www.fastw3b.net/joomla-extensions/product/62-fw-gallery-video-template.html"><span style="font-size: 8pt;">Buy now &gt;&gt; </span></a></div></div><div class="jce_caption" style="width: 206px; display: inline-block;"><img alt="template_preview_01" src="components/com_fwgallery/assets/images/template_preview_01.png" height="150" width="206" /><div style="text-align: center; clear: both;"><span style="font-size: 8pt;"><a target="_blank" href="http://www.fastw3b.net/joomla-extensions/product/60-fw-gallery-light-template.html"><strong>Free</strong> download &gt;&gt;</a><br /></span></div><div style="text-align: center; clear: both;"><span style="font-size: 8pt;"><br /></span></div><div style="text-align: center; clear: both;"><span style="font-size: 8pt;"><br /></span></div></div><div style="text-align: center; clear: both;"></div><p> </p><p><strong>Useful links:</strong></p><ul><li>Getting started <a target="_blank" href="http://fastw3b.net/support/fw-gallery.html">documentation &gt;&gt;</a></li><li>FW Gallery <a target="_blank" href="http://fastw3b.net/joomla-extensions/fw-gallery.html">add-ons &gt;&gt;</a></li><li>Read FW Gallery <a target="_blank" href="http://fastw3b.net/latest-news.html">latest news &gt;&gt;</a></li><li>View <a target="_blank" href="http://extensions.joomla.org/extensions/photos-a-images/photo-gallery/13185">JED reviews and leave yours &gt;&gt;</a></li><li>Follow FW Gallery news on <a target="_blank" href="http://twitter.com/#!/Fastw3b">Twitter</a> or <a target="_blank" href="http://www.facebook.com/pages/Fastw3b/165610930146118">Facebook &gt;&gt;</a></li><li>Watch our video tutorial on <a target="_blank" href="http://www.youtube.com/user/fastw3b">Youtube &gt;&gt;</a></li><li>Have any questions? Feel free to <a target="_blank" href="http://fastw3b.net/contact-us.html">contact us &gt;&gt;</a></li><li>Share ideas/suggestions on our<a target="_blank" href="http://fastw3b.net/forum/index.php?board=72.0"> forum &gt;&gt; </a></li></ul><p> </p><div>Developed by <a target="_blank" href="http://fastw3b.net/">Fastw3b</a></div>
	]]></description>
    <install type="component">
        <sql>
            <file driver="mysql" charset="utf8">install.sql</file> 
        </sql>
    </install>
    <installfile>install.php</installfile>
    <files folder="site">
        <filename>controller.php</filename>
        <filename>index.html</filename>
        <filename>fwgallery.php</filename>
        <filename>router.php</filename>
        <folder>assets</folder>
        <folder>helpers</folder>
        <folder>models</folder>
        <folder>views</folder>
    </files>
	<languages folder="site/language">
        <language tag="de-DE">de-DE/de-DE.com_fwgallery.ini</language>
        <language tag="el-GR">el-GR/el-GR.com_fwgallery.ini</language>
        <language tag="en-GB">en-GB/en-GB.com_fwgallery.ini</language>
        <language tag="es-ES">es-ES/es-ES.com_fwgallery.ini</language>
        <language tag="fr-FR">fr-FR/fr-FR.com_fwgallery.ini</language>
        <language tag="it-IT">it-IT/it-IT.com_fwgallery.ini</language>
        <language tag="ru-RU">ru-RU/ru-RU.com_fwgallery.ini</language>
        <language tag="uk-UA">uk-UA/uk-UA.com_fwgallery.ini</language>
	</languages>
    <administration>
        <menu img="components/com_fwgallery/assets/images/fwgalleryicon.png">FW Gallery</menu>
        <submenu>
            <menu img="components/com_fwgallery/assets/images/galleries.png" view="fwgallery">Galleries</menu>
            <menu img="components/com_fwgallery/assets/images/images.png" view="files">Images</menu>
            <menu img="components/com_fwgallery/assets/images/plugins.png" view="plugins">Plugins</menu>
            <menu img="components/com_fwgallery/assets/images/templates.png" view="templates">Templates</menu>
            <menu img="components/com_fwgallery/assets/images/fwconfig.png" view="config">Config</menu>
        </submenu>
        <files folder="admin">
            <filename>install.php</filename>
            <filename>install.sql</filename>
            <filename>controller.php</filename> 
            <filename>index.html</filename> 
            <filename>fwgallery.php</filename> 
            <folder>assets</folder>
            <folder>helpers</folder>
            <folder>models</folder>
            <folder>tables</folder>
            <folder>views</folder>
        </files>
        <languages folder="admin/language">
            <language tag="de-DE">de-DE/de-DE.com_fwgallery.ini</language>
            <language tag="de-DE">de-DE/de-DE.com_fwgallery.sys.ini</language>
            <language tag="de-DE">de-DE/de-DE.com_fwgallery.menu.ini</language>
            <language tag="el-GR">el-GR/el-GR.com_fwgallery.ini</language>
            <language tag="el-GR">el-GR/el-GR.com_fwgallery.sys.ini</language>
            <language tag="el-GR">el-GR/el-GR.com_fwgallery.menu.ini</language>
            <language tag="en-GB">en-GB/en-GB.com_fwgallery.ini</language>
            <language tag="en-GB">en-GB/en-GB.com_fwgallery.sys.ini</language>
            <language tag="en-GB">en-GB/en-GB.com_fwgallery.menu.ini</language>
            <language tag="es-ES">es-ES/es-ES.com_fwgallery.ini</language>
            <language tag="es-ES">es-ES/es-ES.com_fwgallery.sys.ini</language>
            <language tag="es-ES">es-ES/es-ES.com_fwgallery.menu.ini</language>
            <language tag="fr-FR">fr-FR/fr-FR.com_fwgallery.ini</language>
            <language tag="fr-FR">fr-FR/fr-FR.com_fwgallery.sys.ini</language>
            <language tag="fr-FR">fr-FR/fr-FR.com_fwgallery.menu.ini</language>
            <language tag="it-IT">it-IT/it-IT.com_fwgallery.ini</language>
            <language tag="it-IT">it-IT/it-IT.com_fwgallery.sys.ini</language>
            <language tag="it-IT">it-IT/it-IT.com_fwgallery.menu.ini</language>
            <language tag="ru-RU">ru-RU/ru-RU.com_fwgallery.ini</language>
            <language tag="ru-RU">ru-RU/ru-RU.com_fwgallery.sys.ini</language>
            <language tag="ru-RU">ru-RU/ru-RU.com_fwgallery.menu.ini</language>
            <language tag="uk-UA">uk-UA/uk-UA.com_fwgallery.ini</language>
            <language tag="uk-UA">uk-UA/uk-UA.com_fwgallery.sys.ini</language>
            <language tag="uk-UA">uk-UA/uk-UA.com_fwgallery.menu.ini</language>
        </languages>
    </administration>
    <params>
        <param name="im_th_w" type="text" default="120" label="Thumb width" description="Maximum thumb image width" />
        <param name="im_th_h" type="text" default="120" label="Thumb height" description="Maximum thumb image height" />
        <param name="im_mid_w" type="text" default="200" label="Mid width" description="Maximum middle size image width" />
        <param name="im_mid_h" type="text" default="200" label="Mid height" description="Maximum middle size image height" />
        <param name="im_max_w" type="text" default="800" label="Width" description="Maximum image width" />
        <param name="im_max_h" type="text" default="800" label="Height" description="Maximum image height" />

        <param name="gallery_color" type="text" default="#aaa" label="Gallery color" description="" />
        <param name="gallery_box_width" type="text" default="160" label="Gallery Box Width" description="" />
        <param name="image_box_width" type="text" default="240" label="Image Box Width" description="" />
        <param name="ordering_galleries" type="text" default="name" label="Gallery ordering" description="" />
        <param name="ordering_images" type="text" default="new" label="Images ordering" description="" />

        <param name="use_watermark" type="radio" default="0" label="Enable" description="If yes, watermark image will be applayed to all user umages">
            <option value="0">No</option>
            <option value="1">Yes</option>
        </param>
        <param name="watermark_file" type="text" default="" label="Watermark file" description="put here a relative path to your watermark png file. It will be applyed with a biggest image copy" />

        <param name="use_voting" type="radio" default="1" label="Enable" description="">
            <option value="0">No</option>
            <option value="1">Yes</option>
        </param>
        <param name="public_voting" type="radio" default="1" label="Enable" description="">
            <option value="0">No</option>
            <option value="1">Yes</option>
        </param>

        <param name="galleries_a_row" type="text" default="3" label="Galleries in a row" description="Number of galleries to show in one row for galleries listing" />
        <param name="images_a_row" type="text" default="3" label="Images in a row" description="Number of images to show in a gallery" />
        <param name="galleries_limit" type="text" default="20" label="Galleries per page" description="" />
        <param name="images_limit" type="text" default="20" label="Images per page" description="" />

        <param name="display_total_galleries" type="radio" default="1" label="Enable" description="">
            <option value="0">No</option>
            <option value="1">Yes</option>
        </param>
        <param name="display_galleries_limit_selector" type="radio" default="1" label="Enable" description="">
            <option value="0">No</option>
            <option value="1">Yes</option>
        </param>
        <param name="display_gallery_limit_selector" type="radio" default="1" label="Enable" description="">
            <option value="0">No</option>
            <option value="1">Yes</option>
        </param>
        <param name="display_owner_gallery" type="radio" default="1" label="Enable" description="">
            <option value="0">No</option>
            <option value="1">Yes</option>
        </param>
        <param name="display_owner_image" type="radio" default="1" label="Enable" description="">
            <option value="0">No</option>
            <option value="1">Yes</option>
        </param>
        <param name="display_date_gallery" type="radio" default="1" label="Enable" description="">
            <option value="0">No</option>
            <option value="1">Yes</option>
        </param>
        <param name="display_gallery_sorting" type="radio" default="1" label="Enable" description="">
            <option value="0">No</option>
            <option value="1">Yes</option>
        </param>
        <param name="display_name_gallery" type="radio" default="1" label="Display gallery name" description="">
            <option value="0">No</option>
            <option value="1">Yes</option>
        </param>
        <param name="display_name_image" type="radio" default="1" label="Display image name" description="">
            <option value="0">No</option>
            <option value="1">Yes</option>
        </param>
        <param name="display_date_image" type="radio" default="1" label="Enable" description="">
            <option value="0">No</option>
            <option value="1">Yes</option>
        </param>
        <param name="display_image_views" type="radio" default="1" label="Enable" description="">
            <option value="0">No</option>
            <option value="1">Yes</option>
        </param>
        <param name="display_user_copyright" type="radio" default="1" label="Enable" description="">
            <option value="0">No</option>
            <option value="1">Yes</option>
        </param>
        <param name="date_format" type="text" default="%B %d, %Y" label="Date Format" description="Date format" />
        <param name="new_days" type="text" default="7" label="New images (days)" description="How long image stays new. 0 = off" />
        <param name="hide_fw_copyright" type="radio" default="0" label="Enable" description="">
            <option value="0">No</option>
            <option value="1">Yes</option>
        </param>
        <param name="template" type="text" default="simple" label="Default Template" description="" />
    </params>

	<config>
		<fields name="params">
			<fieldset name="advanced">
				<field name="im_th_w" type="text" default="120" label="Thumb width" description="Maximum thumb image width" />
				<field name="im_th_h" type="text" default="120" label="Thumb height" description="Maximum thumb image height" />
				<field name="im_mid_w" type="text" default="200" label="Mid width" description="Maximum middle size image width" />
				<field name="im_mid_h" type="text" default="200" label="Mid height" description="Maximum middle size image height" />
				<field name="im_max_w" type="text" default="800" label="Width" description="Maximum image width" />
				<field name="im_max_h" type="text" default="800" label="Height" description="Maximum image height" />

				<field name="gallery_color" type="text" default="aaaaaa" label="Gallery color" description="" />
				<field name="gallery_box_width" type="text" default="160" label="Gallery Box Width" description="" />
				<field name="image_box_width" type="text" default="240" label="Image Box Width" description="" />
				<field name="ordering_galleries" type="text" default="name" label="Gallery ordering" description="" />
				<field name="ordering_images" type="text" default="new" label="Images ordering" description="" />

				<field name="use_watermark" type="radio" default="0" label="Enable" description="If yes, watermark image will be applayed to all user umages">
					<option value="0">No</option>
					<option value="1">Yes</option>
				</field>
				<field name="watermark_file" type="text" default="" label="Watermark file" description="put here a relative path to your watermark png file. It will be applyed with a biggest image copy" />

				<field name="use_voting" type="radio" default="1" label="Enable" description="">
					<option value="0">No</option>
					<option value="1">Yes</option>
				</field>
				<field name="public_voting" type="radio" default="1" label="Enable" description="">
					<option value="0">No</option>
					<option value="1">Yes</option>
				</field>

				<field name="galleries_a_row" type="text" default="3" label="Galleries in a row" description="Number of galleries to show in one row for galleries listing" />
				<field name="images_a_row" type="text" default="3" label="Images in a row" description="Number of images to show in a gallery" />
				<field name="galleries_limit" type="text" default="20" label="Galleries per page" description="" />
				<field name="images_limit" type="text" default="20" label="Images per page" description="" />

				<field name="display_total_galleries" type="radio" default="1" label="Enable" description="">
					<option value="0">No</option>
					<option value="1">Yes</option>
				</field>
				<field name="display_galleries_limit_selector" type="radio" default="1" label="Enable" description="">
					<option value="0">No</option>
					<option value="1">Yes</option>
				</field>
				<field name="display_gallery_limit_selector" type="radio" default="1" label="Enable" description="">
					<option value="0">No</option>
					<option value="1">Yes</option>
				</field>
				<field name="display_owner_gallery" type="radio" default="1" label="Enable" description="">
					<option value="0">No</option>
					<option value="1">Yes</option>
				</field>
				<field name="display_owner_image" type="radio" default="1" label="Enable" description="">
					<option value="0">No</option>
					<option value="1">Yes</option>
				</field>
				<field name="display_date_gallery" type="radio" default="1" label="Enable" description="">
					<option value="0">No</option>
					<option value="1">Yes</option>
				</field>
				<field name="display_gallery_sorting" type="radio" default="1" label="Enable" description="">
					<option value="0">No</option>
					<option value="1">Yes</option>
				</field>
				<field name="display_name_gallery" type="radio" default="1" label="Display gallery name" description="">
					<option value="0">No</option>
					<option value="1">Yes</option>
				</field>
				<field name="display_name_image" type="radio" default="1" label="Display image name" description="">
					<option value="0">No</option>
					<option value="1">Yes</option>
				</field>
				<field name="display_date_image" type="radio" default="1" label="Enable" description="">
					<option value="0">No</option>
					<option value="1">Yes</option>
				</field>
				<field name="display_image_views" type="radio" default="1" label="Enable" description="">
					<option value="0">No</option>
					<option value="1">Yes</option>
				</field>
				<field name="display_user_copyright" type="radio" default="1" label="Enable" description="">
					<option value="0">No</option>
					<option value="1">Yes</option>
				</field>
				<field name="date_format" type="text" default="%B %d, %Y" label="Date Format" description="Date format" />
				<field name="new_days" type="text" default="7" label="New images (days)" description="How long image stays new. 0 = off" />
				<field name="hide_fw_copyright" type="radio" default="0" label="Enable" description="">
					<option value="0">No</option>
					<option value="1">Yes</option>
				</field>
				<field name="template" type="text" default="simple" label="Default Template" description="" />
			</fieldset>
		</fields>
	</config>
</install>