<?xml version="1.0" encoding="utf-8"?>
<!DOCTYPE install SYSTEM "http://dev.joomla.org/xml/1.5/component-install.dtd">
<install type="component" version="1.5.10" method="upgrade">
	<name>RokDownloads</name>
	<!-- The following elements are optional and free of formatting conttraints -->
	<creationDate>January 11, 2011</creationDate>
	<author>RocketTheme, LLC</author>
	<authorEmail>support@rockettheme.com</authorEmail>
	<authorUrl>http://www.rockettheme.com</authorUrl>
	<copyright>(C) 2005 - 2011 RocketTheme, LLC. All rights reserved.</copyright>
	<license>http://www.gnu.org/copyleft/gpl.html GNU/GPL</license>
	<!--  The version string is recorded in the components table -->
	<version>1.0.2</version>
	<!-- The description is optional and defaults to the name -->
	<description>
		A file downloads management component.
	</description>

	<!-- Install Database Section -->
	<!--
	<install>
		<sql>
			<file charset="utf8" driver="mysql">install/install.mysql.utf8.sql</file>
		</sql>
	</install>

	-->
	<!-- Uninstall Database Section -->
	<!--
	<uninstall>
		<sql>
			<file charset="utf8" driver="mysql">install/uninstall.mysql.utf8.sql</file>
		</sql>
	</uninstall>

	-->
	<!-- Site Main Language File Copy Section -->
	<languages folder="language/en-GB">
		<language tag="en-GB">en-GB.com_rokdownloads.ini</language>
	</languages>	
	
	<!-- Site Main File Copy Section -->
	<files folder="components/com_rokdownloads">
		<filename>controller.php</filename>
		<filename>index.html</filename>
		<filename>metadata.xml</filename>
		<filename>rokdownloads.php</filename>
		<filename>router.php</filename>
		<folder>controllers</folder>
		<folder>images</folder>
		<folder>models</folder>
		<folder>views</folder>
		<folder>css</folder>
	</files>
	
	<media folder="images/rokdownload_thumbs" destination="../images/rokdownload_thumbs">
        <filename>avi.png</filename>
		<filename>doc.png</filename>
		<filename>file.png</filename>
		<filename>folder.png</filename>
		<filename>index.html</filename>
		<filename>jpg.png</filename>
		<filename>mov.png</filename>
		<filename>mp3.png</filename>
		<filename>mp4.png</filename>
		<filename>odc.png</filename>
		<filename>odd.png</filename>
		<filename>odt.png</filename>
		<filename>ogg.png</filename>
		<filename>pdf.png</filename>
		<filename>png.png</filename>
		<filename>ppt.png</filename>
		<filename>psd.png</filename>
		<filename>rar.png</filename>
		<filename>rtf.png</filename>
		<filename>svg.png</filename>
		<filename>sxd.png</filename>
		<filename>tar.png</filename>
		<filename>tgz.png</filename>
		<filename>wma.png</filename>
		<filename>wmv.png</filename>
		<filename>xls.png</filename>
		<filename>zip.png</filename>
    </media>

	<administration>
		<!-- Administration Menu Section -->
		<menu controller="rokdownloads" img="components/com_rokdownloads/assets/images/icon-16-rokdownload.png">RokDownloads</menu>
		<submenu>
			<menu controller="rokdownloads" img="article.png">Manager</menu>
			<menu controller="config" img="js/ThemeOffice/config.png">Configuration</menu>
		</submenu>

		<!-- Administration Main File Copy Section -->
		<!-- Note the folder attribute: This attribute describes the folder
			to copy FROM in the package to install therefore files copied
			in this section are copied from /admin/ in the package -->
		<files folder="administrator/components/com_rokdownloads">
			<filename>admin.rokdownloads.php</filename>
			<filename>install.mysql.utf8.sql</filename>
			<filename>custom_params.xml</filename>
			<filename>admin_config.xml</filename>
			<filename>controller.php</filename>
			<filename>index.html</filename>
			<folder>assets</folder>
			<folder>controllers</folder>
			<folder>models</folder>
			<folder>views</folder>
			<folder>tables</folder>
			<folder>libs</folder>
			<folder>install</folder>
		</files>

		
	    
		<!-- Administration Language File Copy Section -->
		<languages folder="administrator/language/en-GB">
			<language tag="en-GB">en-GB.com_rokdownloads.ini</language>
		</languages>

	</administration>
	
	<installfile>install/install.rokdownloads.php</installfile>
	<uninstallfile>install/uninstall.rokdownloads.php</uninstallfile>
</install>