<?xml version="1.0" encoding="utf-8"?>
<install version="1.5" type="plugin" group="joomgallery" method="upgrade">
	<name>JoomGallery - Integrate RokBox</name>
	<author>Patrick Alt (Chraneco)</author>
	<creationDate>15.02.2009</creationDate>
	<copyright>Copyright (C) 2005 - 2010 Open Source Matters. All rights reserved.</copyright>
	<license>http://www.gnu.org/licenses/gpl-2.0.html GNU/GPL</license>
	<authorEmail>chraneco@joomgallery.net</authorEmail>
	<authorUrl>www.joomgallery.net</authorUrl>
	<version>1.5 BETA</version>
	<description>Integrates RokBox in JoomGallery</description>
	<files>
		<filename plugin="joomrokbox">joomrokbox.php</filename>
	</files>
	<params />
</install>