<?xml version="1.0" encoding="utf-8"?>
<install type="component" version="1.5.0">
	<name>Rquotes</name>
	<author>Kevin Burke</author>
	<creationDate>Dec 2011</creationDate>
	<authorEmail>kevin@mytidbits.us</authorEmail>
	<authorUrl>http://www.mytidbits.us</authorUrl>
	<version>1.5.6</version>
	<license>GPLv2.0</license>
	<description>
	</description>

	<!--Custom install script to execute-->
	<installfile>install.rquotes.php</installfile>
	
	<!--Custom uninstall script to execute-->
	<uninstallfile>uninstall.rquotes.php</uninstallfile>
	
	<!--Install DataBase section-->
	<install>
		<sql>
			<file driver="mysql" charset="utf8">install.mysql.sql</file>
		</sql>
	</install>
	
		<!--unInstall DataBase section-->
		<uninstall>
		<sql>
			<file driver="mysql" charset="utf8">uninstall.mysql.sql</file>
		</sql>
	</uninstall>
	
	<!--Site Main File Copy Section-->
	<files>		
		<filename>controller.php</filename>
		<filename>index.html</filename>
		<filename>rquotes.php</filename>
		<folder>models</folder>
		<folder>views</folder>
	
	</files>
	
	<!--Site Main Language File Copy Section-->
	<!--Site Main Media Section-->
		
		
		
		
		
	<administration>
		<!--Administration Menu Section-->
		<menu>Rquotes</menu>
			<submenu>
			<!-- Note that all & must be escaped to &amp; for the file to be valid XML and be parsed by the installer -->
			<menu link="option=com_rquotes&amp;task=showRquotes">List Quotes</menu>
			<menu link="option=com_categories&amp;section=com_rquotes">Manage Categories</menu>

		</submenu>
		
		<!--Administration Main File Copy Section-->
			<files folder="admin">
				<filename>index.html</filename>
				
				<filename>admin.rquotes.html.php</filename>
				<filename>admin.rquotes.php</filename>
				
				<filename>config.xml</filename>
				<filename>controller.php</filename>
				
				<filename>install.mysql.sql</filename>
				<filename>uninstall.mysql.sql</filename>
				
				<filename>install.rquotes.php</filename>
				<filename>uninstall.rquotes.php</filename>
				
				<filename>toolbar.rquotes.html.php</filename>
				<filename>toolbar.rquotes.php</filename>
							
				
				<folder>tables</folder>
				<folder>help</folder>
				<folder>elements</folder>
			</files>
		
		
		<!-- Administration Language File Copy Section -->
		<languages folder="admin/languages">
			<language tag="en-GB">en-GB.com_rquotes.ini</language>
			<language tag="en-GB">en-GB.com_rquotes.menu.ini</language>
	
		</languages>
	</administration>
	
</install>