<?xml version="1.0" encoding="utf-8"?>
<install version="1.5" type="plugin" group="joomgallery" method="upgrade">
  <name>JoomGallery - Display JomSocial Name</name>
  <author>Patrick Alt (Chraneco)</author>
  <creationDate>29.01.2010</creationDate>
  <copyright>Copyright (C) 2005 - 2010 Open Source Matters. All rights reserved.</copyright>
  <license>http://www.gnu.org/licenses/gpl-2.0.html GNU/GPL</license>
  <authorEmail>chraneco@joomgallery.net</authorEmail>
  <authorUrl>www.joomgallery.net</authorUrl>
  <version>1.5 BETA</version>
  <description>Links user names in JoomGallery to their JomSocial profile</description>
  <files>
    <filename plugin="joomdisplayjomsocialname">joomdisplayjomsocialname.php</filename>
  </files>
  <languages folder="language">
    <language tag="en-GB">en-GB.plg_joomgallery_joomdisplayjomsocialname.ini</language>
    <language tag="de-DE">de-DE.plg_joomgallery_joomdisplayjomsocialname.ini</language>
  </languages>
  <params/>
</install>