<?xml version="1.0" encoding="utf-8"?>
<install version="1.5.10" type="plugin" group="search" method="upgrade">
	<name>Search - RokDownloads</name>
	<author>RocketTheme, LLC</author>
	<creationDate>January 11, 2011</creationDate>
	<copyright>@COPYRIGHT</copyright>
	<license>http://www.gnu.org/copyleft/gpl.html GNU/GPL</license>
	<authorEmail>support@rockettheme.com</authorEmail>
	<authorUrl>http://www.rockettheme.com</authorUrl>
	<version>1.0.2</version>
	<description>DESCRIPTION_SEARCH_PLUGIN</description>
	<files>
		<filename plugin="rokdownloads">rokdownloads.php</filename>
	</files>
	<languages>
		<language tag="en-GB">en-GB.plg_search_rokdownloads.ini</language>
	</languages>
	<params>
		<param name="search_limit" type="text" size="5" default="50" label="LABEL.SEARCH_LIMIT" description="TIP.SEARCH_LIMIT" />
	</params>
</install>