<?xml version="1.0" encoding="utf-8"?>
<install type="plugin" group="editors-xtd" version="1.5.10" method="upgrade">
	<name>Button - RokDownload Link</name>
	<creationDate>February 2009</creationDate>
	<author>RocketTheme</author>
	<authorEmail>support@rockettheme.com</authorEmail>
	<authorUrl>www.rockettheme.com</authorUrl>
	<copyright>(c) 2008-2009 RokcetTheme, LLC. All rights reserved.</copyright>
	<license>GPL</license>
	<version>1.5.0</version>
	<description>This is an Editor Button to allow selection of RokDownloads Links</description>
	<files>
		<filename plugin="rokdownloads">rokdownloads.php</filename>
	</files>
</install>
