<?xml version="1.0" encoding="utf-8"?>
<install type="module" version="1.5">
	<name>Rquotes</name>
	<author>Kevin Burke</author>
	<creationDate>Jan 2012</creationDate>
	<copyright>(C) 2008-2012</copyright>
	<license>GPL2</license>
	<authorEmail>kevin@mytidbits.us</authorEmail>
	<authorUrl>www.mytidbits.us</authorUrl>
	<version>1.5.6</version>
	<description>notes</description>
	
	
	<files>
		<filename module="mod_rquotes">mod_rquotes.php</filename>
		<filename>index.html</filename>
		<filename>helper.php</filename>
		<filename>tmpl/_rquote.php</filename>
		<filename>tmpl/bold.php</filename>
		<filename>tmpl/italic.php</filename>
		<filename>tmpl/default.php</filename>
		<filename>tmpl/index.html</filename>
		<filename>tmpl/textfile.php</filename>
		<filename>mod_rquotes/rquotes.txt</filename>
		<filename>mod_rquotes/daily_example.txt</filename>
		<folder>elements</folder>
	</files>
<languages folder="languages">
	<language tag="en-GB">en-GB.mod_rquotes.ini</language>
</languages>
	
<params   addPath="/modules/mod_rquotes/elements">




	<param name="source" type="list"  default="text" label="quote_source" description="text_file_or_db">
			<option value="text">text_file</option>
			<option value="db">DB</option>
			
	</param>
 <param type="spacer" default="" />

	
	<param type="spacer" default="text_file_params" />
 
	<param name="filename" type="filelist" default="rquotes.txt" label="select_text_file" description="select_filename" directory="modules/mod_rquotes/mod_rquotes" filter="" exclude="" stripext="" hide_default='true' hide_none='true'/>

	<param name="randomtext" type="radio" default="0" label="rotate_quote" description="choose_rotate_method" >
<option value ="1">daily_text</option>
<option value ="0">random_text</option>
</param>

	
<param type="spacer" default="" />

	<param type="spacer" default="db_params" />



<param name="category" type="sqlmultilistx" sql="SELECT * FROM #__categories WHERE published ='1' AND section ='com_rquotes'" key_field="id" value_field="title" default=""
multiple="multiple" label="Select category" description="category_description">
 
       
</param>


 		<param name="rotate" type="list" default="single_random" label="rotate_quote" description="daily_reload_sequential" >
		
		<option value ="single_random">single_random</option>
		<option value ="multiple_random">multiple_random</option>
		<option value ="sequential">sequential</option>
		<option value ="daily">db_daily</option>
		<option value ="weekly">db_weekly</option>
		<option value ="monthly">db_monthly</option>
		<option value ="yearly">db_yearly</option>
		<option value ="display_day">by date</option>

	</param>	
	
		
		<param name="@spacer" type="spacer" default="rotate_note" label="" description="" />
		<param type="spacer" default="" />

		

		<param name="num_of_random" type="text" default="2" label="num_random_quotes" description="num_of_random_description"/>
		
	<param name="link" type="radio" default="0" label="display_link?" description="display_link_description">
			<option value="0">YES</option>
			<option value="1">NO</option>
			</param>
		<param name="link_text" type="text" default="enter a url" size="60" label="type_link" description="link_url" />	
		
		
		
		

	<param name="style" type="list" default="default" label="display" description="display_style">		
				<option value="default">Default</option>
				<option value="bold">Bold</option>
				<option value="italic">Italic</option>
		</param>
		
			
	
		<param name="quotemarks" type="radio" default="0" label="display_quotation_marks" description="quotation_marks">
			<option value="0">YES</option>
			<option value="1">NO</option>
			</param>
			
			
			
		<param name="moduleclass_sfx" type="text" default="" label="Module Class Suffix" description="PARAMMODULECLASSSUFFIX" />
		
<!--	<param name="tablecreated" type="hidden" default="0" />    -->
		
</params>
<params group="advanced">
<param name="cache" type="list" default="0" label="Caching" description="Select whether to cache the content of this module. (Note-if system-cache plugin is enabled this setting is overwritten and the modlue content will be cached.">
			<option value="1">Use global</option>
			<option value="0">No caching</option>
		</param>

</params>
</install>