<?xml version="1.0" encoding="utf-8"?>
<install version="1.5" type="language" client="both" method="upgrade">
    <name>Vietnamese</name>
    <tag>vi-VN</tag>
    <version>1.0</version>
    <creationDate>2010-09-13</creationDate>
    <author>JoomGallery::ProjectTeam</author>
    <authorEmail>team@joomgallery.net</authorEmail>
    <authorUrl>http://www.joomgallery.net/</authorUrl>
    <copyright>Released under GNU GPL Public License</copyright>
    <license>GNU GPL</license>
    <description>Vietnamese Translation for JoomGallery 1.5.6.x</description>
    <administration>
      <files folder="admin">
        <filename>vi-VN.com_joomgallery.menu.ini</filename>
      </files>
    </administration>
    <site>
      <files folder="site">
        <filename>vi-VN.com_joomgallery.ini</filename>
      </files>
    </site>
    <params />
</install>
