<?xml version="1.0" encoding="utf-8"?>
<install type="module" version="1.5.0" method="upgrade">
	<name>Rokdownloads Recently Updated</name>
	<author>RocketTheme, LLC</author>
	<creationDate>January 11, 2011</creationDate>
	<authorEmail>support@rockettheme.com</authorEmail>
	<authorUrl>http://www.rockettheme.com</authorUrl>
	<copyright>(C) 2005 - 2011 RocketTheme, LLC. All rights reserved.</copyright>
	<license>http://www.gnu.org/copyleft/gpl.html GNU/GPL</license>
	<version>1.0.2</version>
	<description>DESCRIPTION.MOD_RECENT_UPDATES</description>
	<files>
		<filename module="mod_rokdownloads_recent_updates">mod_rokdownloads_recent_updates.php</filename>
		<filename>helper.php</filename>
		<filename>index.html</filename>
		<filename>tmpl/index.html</filename>
		<filename>tmpl/default.php</filename>
	</files>
	<languages>
		<language tag="en-GB">en-GB.mod_rokdownloads_recent_updates.ini</language>
	</languages>
	<params>
		<param name="moduleclass_sfx" type="text" default="" label="Module Class Suffix" description="PARAMMODULECLASSSUFFIX" />
		<param name="count" type="text" default="5" label="LABEL.COUNT" description="TIP.COUNT" />
		<param name="access_restricted_downloads" type="radio" default="1" label="LABEL.ACCESS_RESTRICTED" description="TIP.ACCESS_RESTRICTED">
			<option value="0">Hide</option>
			<option value="1">Show</option>
		</param>
	</params>
</install>