<?xml version="1.0" encoding="utf-8"?>
<install version="1.5" type="plugin" group="search" method="upgrade">
	<name>Search - FW Gallery</name>
	<creationDate>28 November 2011</creationDate>
    <author>Fastw3b - We develop while you are thinking</author>
    <authorEmail>dev@fastw3b.net</authorEmail>
    <authorUrl>http://www.fastw3b.net</authorUrl>
    <copyright>Copyright (C) 2011 Fastw3b. All rights reserved.</copyright>
	<license>http://www.gnu.org/copyleft/gpl.html GNU/GPL</license>
	<version>1.1.0</version>
	<description>PLG_SEARCH_FWGALLERY_XML_DESCRIPTION</description>
	<languages folder="language">
	    <language tag="en-GB">en-GB/en-GB.plg_search_fwgallery.ini</language>
	    <language tag="en-GB">en-GB/en-GB.plg_search_fwgallery.sys.ini</language>
	</languages>
	<files>
		<filename plugin="fwgallery">fwgallery.php</filename>
		<folder>fwgallery</folder>
	</files>
	<params>
		<param name="search_limit" type="text" size="5" default="50" label="Search Limit" description="Number of Search items to return"/>
	</params>
	<config>
		<fields name="params">
			<fieldset name="basic">
				<field name="search_limit" type="text" size="5" default="50" label="Search Limit" description="Number of Search items to return"/>
			</fieldset>
		</fields>
	</config>
</install>
