<?xml version="1.0" encoding="utf-8"?>
<extension type="module" version="1.7" client="site" method="upgrade">
  <name>mod_jgtreeview</name>
  <author>JoomGallery::Project Team</author>
  <creationDate>20.01.2012</creationDate>
  <authorEmail>team@joomgallery.net</authorEmail>
  <authorUrl>www.joomgallery.net</authorUrl>
  <copyright>(C) 2009 - 2012 JoomGallery::Project Team</copyright>
  <license>This module is released under the GNU/GPL License</license>
  <version>2.0 BETA2</version>
  <description>MOD_JGTREEVIEW_DESC</description>
  <files>
    <filename module="mod_jgtreeview">mod_jgtreeview.php</filename>
    <filename>index.html</filename>
    <filename>helper.php</filename>
    <filename>LICENSE.TXT</filename>
    <filename>changelog.php</filename>
    <filename>tmpl/default.php</filename>
    <filename>tmpl/index.html</filename>
  </files>
  <media destination="mod_jgtreeview" folder="media">
    <filename>index.html</filename>
    <filename>css/index.html</filename>
    <filename>css/dtree.css</filename>
    <filename>css/jgtreeview.css</filename>
    <filename>js/index.html</filename>
    <filename>js/dtree.js</filename>
    <filename>img/index.html</filename>
    <filename>img/empty.png</filename>
    <filename>img/folder_locked.png</filename>
    <filename>img/folder_open.png</filename>
    <filename>img/folder_open_locked.png</filename>
    <filename>img/folder.png</filename>
    <filename>img/join_bottom.png</filename>
    <filename>img/join.png</filename>
    <filename>img/line.png</filename>
    <filename>img/minus_line_bottom.png</filename>
    <filename>img/minus_line.png</filename>
    <filename>img/minus.png</filename>
    <filename>img/node_locked.png</filename>
    <filename>img/node.png</filename>
    <filename>img/plus_line_bottom.png</filename>
    <filename>img/plus_line.png</filename>
    <filename>img/plus.png</filename>
    <filename>img/root.png</filename>
    <filename>img/blue_arrows/index.html</filename>
    <filename>img/blue_arrows/empty.png</filename>
    <filename>img/blue_arrows/folder_locked.png</filename>
    <filename>img/blue_arrows/folder_open.png</filename>
    <filename>img/blue_arrows/folder_open_locked.png</filename>
    <filename>img/blue_arrows/folder.png</filename>
    <filename>img/blue_arrows/join_bottom.png</filename>
    <filename>img/blue_arrows/join.png</filename>
    <filename>img/blue_arrows/line.png</filename>
    <filename>img/blue_arrows/minus_line_bottom.png</filename>
    <filename>img/blue_arrows/minus_line.png</filename>
    <filename>img/blue_arrows/minus.png</filename>
    <filename>img/blue_arrows/node_locked.png</filename>
    <filename>img/blue_arrows/node.png</filename>
    <filename>img/blue_arrows/plus_line_bottom.png</filename>
    <filename>img/blue_arrows/plus_line.png</filename>
    <filename>img/blue_arrows/plus.png</filename>
    <filename>img/blue_arrows/root.png</filename>
    <filename>img/orange_arrows/index.html</filename>
    <filename>img/orange_arrows/empty.png</filename>
    <filename>img/orange_arrows/folder_locked.png</filename>
    <filename>img/orange_arrows/folder_open.png</filename>
    <filename>img/orange_arrows/folder_open_locked.png</filename>
    <filename>img/orange_arrows/folder.png</filename>
    <filename>img/orange_arrows/join_bottom.png</filename>
    <filename>img/orange_arrows/join.png</filename>
    <filename>img/orange_arrows/line.png</filename>
    <filename>img/orange_arrows/minus_line_bottom.png</filename>
    <filename>img/orange_arrows/minus_line.png</filename>
    <filename>img/orange_arrows/minus.png</filename>
    <filename>img/orange_arrows/node_locked.png</filename>
    <filename>img/orange_arrows/node.png</filename>
    <filename>img/orange_arrows/plus_line_bottom.png</filename>
    <filename>img/orange_arrows/plus_line.png</filename>
    <filename>img/orange_arrows/plus.png</filename>
    <filename>img/orange_arrows/root.png</filename>
    <filename>img/red_flowers/index.html</filename>
    <filename>img/red_flowers/empty.png</filename>
    <filename>img/red_flowers/folder_locked.png</filename>
    <filename>img/red_flowers/folder_open.png</filename>
    <filename>img/red_flowers/folder_open_locked.png</filename>
    <filename>img/red_flowers/folder.png</filename>
    <filename>img/red_flowers/join_bottom.png</filename>
    <filename>img/red_flowers/join.png</filename>
    <filename>img/red_flowers/line.png</filename>
    <filename>img/red_flowers/minus_line_bottom.png</filename>
    <filename>img/red_flowers/minus_line.png</filename>
    <filename>img/red_flowers/minus.png</filename>
    <filename>img/red_flowers/node_locked.png</filename>
    <filename>img/red_flowers/node.png</filename>
    <filename>img/red_flowers/plus_line_bottom.png</filename>
    <filename>img/red_flowers/plus_line.png</filename>
    <filename>img/red_flowers/plus.png</filename>
    <filename>img/red_flowers/root.png</filename>
  </media>
  <languages>
   <language tag="en-GB">language/en-GB/en-GB.mod_jgtreeview.ini</language>
   <language tag="en-GB">language/en-GB/en-GB.mod_jgtreeview.sys.ini</language>
   <language tag="de-DE">language/de-DE/de-DE.mod_jgtreeview.ini</language>
   <language tag="de-DE">language/de-DE/de-DE.mod_jgtreeview.sys.ini</language>
   <language tag="nl-NL">language/nl-NL/nl-NL.mod_jgtreeview.ini</language>
   <language tag="nl-NL">language/nl-NL/nl-NL.mod_jgtreeview.sys.ini</language>
  </languages>
  <config>
    <fields name="params">
      <fieldset name="MOD_JGTREEVIEW_COMMON_PARAMETER_LBL" label="MOD_JGTREEVIEW_COMMON_PARAMETER_LBL">
			    <field name="moduleclass_sfx" type="text" default="" label="MOD_JGTREEVIEW_MODULE_CLASS_SUFFIX_LBL" description="MOD_JGTREEVIEW_MODULE_CLASS_SUFFIX_DESC" />
			    <field name="cfg_itemid" type="text" default="" label="MOD_JGTREEVIEW_ITEMID_LBL" description="MOD_JGTREEVIEW_ITEMID_DESC"/>  
			    <field name="cfg_root_catid" type="text" class="validate-numeric" default="1" label="MOD_JGTREEVIEW_ROOT_CATID_LBL" description="MOD_JGTREEVIEW_ROOT_CATID_DESC" required="true" />
			    <field name="cfg_name" type="text" default="" label="MOD_JGTREEVIEW_NAME_LBL" description="MOD_JGTREEVIEW_NAME_DESC" />
			    <field name="cfg_sort_cat" type="list" default="0" label="MOD_JGTREEVIEW_SORT_CAT_LBL" description="MOD_JGTREEVIEW_SORT_CAT_DESC">
			      <option value="name ASC">MOD_JGTREEVIEW_SORT_NAME_ASC_LBL</option>
			      <option value="name DESC">MOD_JGTREEVIEW_SORT_NAME_DESC_LBL</option>
			      <option value="cid ASC">MOD_JGTREEVIEW_SORT_DATE_ASC_LBL</option>
			      <option value="cid DESC">MOD_JGTREEVIEW_SORT_DATE_DESC_LBL</option>
			      <option value="lft ASC">MOD_JGTREEVIEW_SORT_ORDERING_ASC_LBL</option>
			      <option value="lft DESC">MOD_JGTREEVIEW_SORT_ORDERING_DESC_LBL</option>
			    </field>
			    <field name="cfg_sort_subcat" type="list" default="0" label="MOD_JGTREEVIEW_SORT_SUBCAT_LBL" description="MOD_JGTREEVIEW_SORT_SUBCAT_DESC">
			      <option value="name ASC">MOD_JGTREEVIEW_SORT_NAME_ASC_LBL</option>
			      <option value="name DESC">MOD_JGTREEVIEW_SORT_NAME_DESC_LBL</option>
			      <option value="cid ASC">MOD_JGTREEVIEW_SORT_DATE_ASC_LBL</option>
			      <option value="cid DESC">MOD_JGTREEVIEW_SORT_DATE_DESC_LBL</option>
			      <option value="lft ASC">MOD_JGTREEVIEW_SORT_ORDERING_ASC_LBL</option>
			      <option value="lft DESC">MOD_JGTREEVIEW_SORT_ORDERING_DESC_LBL</option>
			    </field>
			    <field name="cfg_blacklist_cats" type="text" default="" label="MOD_JGTREEVIEW_BLACKLIST_CATS_LBL" description="MOD_JGTREEVIEW_BLACKLIST_CATS_DESC" />
			    <field name="cfg_showhidden" type="radio" default="0" label="MOD_JGTREEVIEW_SHOWHIDDEN_LBL" description="MOD_JGTREEVIEW_SHOWHIDDEN_DESC">
			      <option value="0">MOD_JGTREEVIEW_NO_LBL</option>
			      <option value="1">MOD_JGTREEVIEW_YES_LBL</option>
			    </field>            
			    <field name="cfg_max_len_catname" class="validate-numeric" type="text" default="0" label="MOD_JGTREEVIEW_MAX_LEN_CATNAME_LBL" description="MOD_JGTREEVIEW_MAX_LEN_CATNAME_DESC" />
			    <field name="cfg_show_open_close_all" type="radio" default="1" label="MOD_JGTREEVIEW_SHOW_OPEN_CLOSE_ALL_LBL" description="MOD_JGTREEVIEW_SHOW_OPEN_CLOSE_ALL_DESC">
			      <option value="0">MOD_JGTREEVIEW_NO_LBL</option>
			      <option value="1">MOD_JGTREEVIEW_YES_LBL</option>
			    </field>
			    <field name="cfg_show_always_expanded" type="radio" default="0" label="MOD_JGTREEVIEW_SHOW_ALWAYS_EXPANDED_LBL" description="MOD_JGTREEVIEW_SHOW_ALWAYS_EXPANDED_DESC">
			      <option value="0">MOD_JGTREEVIEW_NO_LBL</option>
			      <option value="1">MOD_JGTREEVIEW_YES_LBL</option>
			    </field>    
			    <field name="cfg_show_credits" type="radio" default="1" label="MOD_JGTREEVIEW_SHOW_CREDITS_LBL" description="MOD_JGTREEVIEW_SHOW_CREDITS_DESC">
			      <option value="0">MOD_JGTREEVIEW_NO_LBL</option>
			      <option value="1">MOD_JGTREEVIEW_YES_LBL</option>
			    </field>
        </fieldset>
        <fieldset name="MOD_JGTREEVIEW_VIEW_PARAMETER_LBL" label="MOD_JGTREEVIEW_VIEW_PARAMETER_LBL">
			    <field name="cfg_icon_theme" type="list" default="" label="MOD_JGTREEVIEW_ICON_THEME_LBL" description="MOD_JGTREEVIEW_ICON_THEME_DESC">
			      <option value="">MOD_JGTREEVIEW_ICON_THEME_0_LBL</option>
			      <option value="blue_arrows">MOD_JGTREEVIEW_ICON_THEME_1_LBL</option>
			      <option value="orange_arrows">MOD_JGTREEVIEW_ICON_THEME_2_LBL</option>
			      <option value="red_flowers">MOD_JGTREEVIEW_ICON_THEME_3_LBL</option>
			    </field>        
			    <field name="cfg_grid" type="radio" default="1" label="MOD_JGTREEVIEW_GRID_LBL" description="MOD_JGTREEVIEW_GRID_DESC">
			      <option value="0">MOD_JGTREEVIEW_NO_LBL</option>
			      <option value="1">MOD_JGTREEVIEW_YES_LBL</option>
			    </field>
			    <field name="cfg_bgcolor_active_node" type="text" default="#C0D2EC" label="MOD_JGTREEVIEW_BGCOLOR_ACTIVE_NODE_LBL" description="MOD_JGTREEVIEW_BGCOLOR_ACTIVE_NODE_DESC" />
			    <field name="cfg_disable_new" type="radio" default="0" label="MOD_JGTREEVIEW_DISABLE_NEW_LBL" description="MOD_JGTREEVIEW_DISABLE_NEW_DESC">
			      <option value="0">MOD_JGTREEVIEW_NO_LBL</option>
			      <option value="1">MOD_JGTREEVIEW_YES_LBL</option>
			    </field>
      </fieldset> 
    </fields>
  </config>
  <updateservers>
    <server type="collection" priority="1" name="JoomGallery Update Service">http://www.joomgallery.net/components/com_newversion/xml/extensions2.xml</server>
  </updateservers>  
</extension>